-- phpMyAdmin SQL Dump
-- version 5.2.1
-- https://www.phpmyadmin.net/
--
-- Host: 127.0.0.1:3307:3307
-- Generation Time: Nov 16, 2024 at 01:28 PM
-- Server version: 10.4.32-MariaDB
-- PHP Version: 8.2.12
SET
  SQL_MODE = "NO_AUTO_VALUE_ON_ZERO";

START TRANSACTION;

SET
  time_zone = "+07:00";

/*!40101 SET @OLD_CHARACTER_SET_CLIENT=@@CHARACTER_SET_CLIENT */
;

/*!40101 SET @OLD_CHARACTER_SET_RESULTS=@@CHARACTER_SET_RESULTS */
;

/*!40101 SET @OLD_COLLATION_CONNECTION=@@COLLATION_CONNECTION */
;

/*!40101 SET NAMES utf8mb4 */
;

--
-- Database: `bus_ticket_management`
--
DROP DATABASE IF EXISTS `bus_ticket_management`;

CREATE DATABASE IF NOT EXISTS `bus_ticket_management` DEFAULT CHARACTER SET utf8mb4 COLLATE utf8mb4_general_ci;

USE `bus_ticket_management`;

-- --------------------------------------------------------
--
-- Table structure for table `account`
--
CREATE TABLE `account` (
  `id` int(11) NOT NULL,
  `email` varchar(50) NOT NULL,
  `password` text NOT NULL,
  `role_id` int(11) NOT NULL,
  `name` varchar(70) DEFAULT NULL,
  `phone` varchar(12) DEFAULT NULL,
  `status` enum('unverified', 'verified', 'banned') NOT NULL DEFAULT 'unverified',
  `verification_code` varchar(255) DEFAULT NULL,
  `verification_expiration` datetime DEFAULT NULL,
  `login_token` text DEFAULT NULL,
  `password_reset_token` text DEFAULT NULL,
  `password_reset_expiration` datetime DEFAULT NULL,
  `enabled` tinyint(1) NOT NULL DEFAULT 1
) ENGINE = InnoDB DEFAULT CHARSET = utf8mb4 COLLATE = utf8mb4_general_ci;

--
-- Dumping data for table `account`
--
INSERT INTO
  `account` (
    `id`,
    `email`,
    `password`,
    `role_id`,
    `name`,
    `phone`,
    `status`,
    `verification_code`,
    `verification_expiration`,
    `login_token`,
    `password_reset_token`,
    `password_reset_expiration`,
    `enabled`
  )
VALUES
  (
    1,
    'admin@localhost.com',
    '$2y$10$1J9',
    5,
    'Admin',
    '0981234567',
    'verified',
    NULL,
    NULL,
    NULL,
    NULL,
    NULL,
    1
  ),
  (
    2,
    'driver1@localhost.com',
    '$2y$10$A12',
    1,
    'Driver One',
    '0988765432',
    'verified',
    NULL,
    NULL,
    NULL,
    NULL,
    NULL,
    1
  ),
  (
    3,
    'controller1@localhost.com',
    '$2y$10$B23',
    2,
    'Controller One',
    '0987654321',
    'unverified',
    NULL,
    NULL,
    NULL,
    NULL,
    NULL,
    1
  ),
  (
    4,
    'staff1@localhost.com',
    '$2y$10$C34',
    3,
    'Staff One',
    '0987654322',
    'verified',
    NULL,
    NULL,
    NULL,
    NULL,
    NULL,
    1
  ),
  (
    5,
    'customer1@localhost.com',
    '$2y$10$D45',
    4,
    'Customer One',
    '0987654323',
    'unverified',
    NULL,
    NULL,
    NULL,
    NULL,
    NULL,
    1
  ),
  (
    6,
    'customer2@localhost.com',
    '$2y$10$E56',
    4,
    'Customer Two',
    '0987654324',
    'verified',
    NULL,
    NULL,
    NULL,
    NULL,
    NULL,
    1
  ),
  (
    7,
    'driver2@localhost.com',
    '$2y$10$F67',
    1,
    'Driver Two',
    '0987654325',
    'verified',
    NULL,
    NULL,
    NULL,
    NULL,
    NULL,
    1
  ),
  (
    8,
    'staff2@localhost.com',
    '$2y$10$G78',
    3,
    'Staff Two',
    '0987654326',
    'verified',
    NULL,
    NULL,
    NULL,
    NULL,
    NULL,
    1
  ),
  (
    9,
    'controller2@localhost.com',
    '$2y$10$H89',
    2,
    'Controller Two',
    '0987654327',
    'unverified',
    NULL,
    NULL,
    NULL,
    NULL,
    NULL,
    1
  ),
  (
    10,
    'customer3@localhost.com',
    '$2y$10$I90',
    4,
    'Customer Three',
    '0987654328',
    'banned',
    NULL,
    NULL,
    NULL,
    NULL,
    NULL,
    0
  ),
  (
    11,
    'customer4@localhost.com',
    '$2y$10$J91',
    4,
    'Customer Four',
    '0987654329',
    'unverified',
    NULL,
    NULL,
    NULL,
    NULL,
    NULL,
    1
  ),
  (
    12,
    'driver3@localhost.com',
    '$2y$10$K92',
    1,
    'Driver Three',
    '0987654330',
    'verified',
    NULL,
    NULL,
    NULL,
    NULL,
    NULL,
    1
  ),
  (
    13,
    'admin2@localhost.com',
    '$2y$10$L93',
    5,
    'Admin Two',
    '0987654331',
    'verified',
    NULL,
    NULL,
    NULL,
    NULL,
    NULL,
    1
  ),
  (
    14,
    'controller3@localhost.com',
    '$2y$10$M94',
    2,
    'Controller Three',
    '0987654332',
    'verified',
    NULL,
    NULL,
    NULL,
    NULL,
    NULL,
    1
  ),
  (
    15,
    'staff3@localhost.com',
    '$2y$10$N95',
    3,
    'Staff Three',
    '0987654333',
    'verified',
    NULL,
    NULL,
    NULL,
    NULL,
    NULL,
    1
  ),
  (
    16,
    'customer5@localhost.com',
    '$2y$10$O96',
    4,
    'Customer Five',
    '0987654334',
    'unverified',
    NULL,
    NULL,
    NULL,
    NULL,
    NULL,
    1
  ),
  (
    17,
    'customer6@localhost.com',
    '$2y$10$P97',
    4,
    'Customer Six',
    '0987654335',
    'verified',
    NULL,
    NULL,
    NULL,
    NULL,
    NULL,
    1
  ),
  (
    18,
    'driver4@localhost.com',
    '$2y$10$Q98',
    1,
    'Driver Four',
    '0987654336',
    'unverified',
    NULL,
    NULL,
    NULL,
    NULL,
    NULL,
    1
  ),
  (
    19,
    'controller4@localhost.com',
    '$2y$10$R99',
    2,
    'Controller Four',
    '0987654337',
    'banned',
    NULL,
    NULL,
    NULL,
    NULL,
    NULL,
    0
  ),
  (
    20,
    'staff4@localhost.com',
    '$2y$10$S00',
    3,
    'Staff Four',
    '0987654338',
    'verified',
    NULL,
    NULL,
    NULL,
    NULL,
    NULL,
    1
  );

-- --------------------------------------------------------
--
-- Table structure for table `account_notification`
--
CREATE TABLE `account_notification` (
  `id` int(11) NOT NULL,
  `account_id` int(11) NOT NULL,
  `notification_id` int(11) NOT NULL
) ENGINE = InnoDB DEFAULT CHARSET = utf8mb4 COLLATE = utf8mb4_general_ci;

-- --------------------------------------------------------
--
-- Table structure for table `bill`
--
CREATE TABLE `bill` (
  `bill_id` int(11) NOT NULL,
  `customer_id` int(11) NOT NULL,
  `payment_method` enum('cash', 'vnpay') NOT NULL DEFAULT 'cash',
  `payment_date` datetime NOT NULL
) ENGINE = InnoDB DEFAULT CHARSET = utf8mb4 COLLATE = utf8mb4_general_ci;

-- --------------------------------------------------------
--
-- Table structure for table `bill_detail`
--
CREATE TABLE `bill_detail` (
  `id` int(11) NOT NULL,
  `bill_id` int(11) NOT NULL,
  `trip_id` int(11) NOT NULL,
  `number_of_ticket` smallint(6) NOT NULL,
  `fee` float NOT NULL,
  `ticket_type` enum('one_way_ticket', 'round_trip_ticket') NOT NULL
) ENGINE = InnoDB DEFAULT CHARSET = utf8mb4 COLLATE = utf8mb4_general_ci;

-- --------------------------------------------------------
--
-- Table structure for table `booking`
--
CREATE TABLE `booking` (
  `booking_id` int(11) NOT NULL,
  `customer_id` int(11) NOT NULL,
  `trip_id` int(11) NOT NULL,
  `number_of_seat` tinyint(6) NOT NULL,
  `is_round_trip` tinyint(1) NOT NULL,
  `round_trip_id` varchar(50) DEFAULT NULL,
  `pickup_point` varchar(100) NOT NULL,
  `dropoff_point` varchar(100) NOT NULL
) ENGINE = InnoDB DEFAULT CHARSET = utf8mb4 COLLATE = utf8mb4_general_ci;

--
-- Dumping data for table `booking`
--
INSERT INTO
  `booking` (
    `booking_id`,
    `customer_id`,
    `trip_id`,
    `number_of_seat`,
    `is_round_trip`,
    `round_trip_id`,
    `pickup_point`,
    `dropoff_point`
  )
VALUES
  (
    8386,
    10,
    3,
    6,
    0,
    NULL,
    'test departure street ',
    'test destination street'
  ),
  (
    8989,
    2,
    5,
    10,
    0,
    NULL,
    'test 2 street',
    'test 2 destination street'
  );

-- --------------------------------------------------------
--
-- Table structure for table `bus`
--
CREATE TABLE `bus` (
  `bus_id` varchar(12) NOT NULL,
  `type` enum('limousine', 'bunk') NOT NULL DEFAULT 'bunk',
  `number_of_seat` tinyint(50) NOT NULL
) ENGINE = InnoDB DEFAULT CHARSET = utf8mb4 COLLATE = utf8mb4_general_ci;

--
-- Dumping data for table `bus`
--
INSERT INTO
  `bus` (`bus_id`, `type`, `number_of_seat`)
VALUES
  ('14F.555-016', 'bunk', 36),
  ('14F.555-034', 'bunk', 36),
  ('14F.555-052', 'bunk', 36),
  ('14F.555-070', 'bunk', 36),
  ('14F.666-007', 'bunk', 36),
  ('14F.666-025', 'bunk', 36),
  ('14F.666-043', 'bunk', 36),
  ('14F.666-061', 'bunk', 36),
  ('14F.666-079', 'bunk', 36),
  ('29F.555-002', 'limousine', 34),
  ('29F.555-014', 'bunk', 36),
  ('29F.555-032', 'bunk', 36),
  ('29F.555-050', 'bunk', 36),
  ('29F.555-068', 'bunk', 36),
  ('29F.666-023', 'bunk', 36),
  ('29F.666-041', 'bunk', 36),
  ('29F.666-059', 'bunk', 36),
  ('29F.666-077', 'bunk', 36),
  ('30F.555-004', 'limousine', 34),
  ('30F.555-028', 'bunk', 45),
  ('30F.555-046', 'bunk', 45),
  ('30F.555-064', 'bunk', 45),
  ('30F.666-019', 'limousine', 34),
  ('30F.666-037', 'limousine', 34),
  ('30F.666-055', 'limousine', 34),
  ('30F.666-073', 'limousine', 34),
  ('36F.555-018', 'bunk', 36),
  ('36F.555-036', 'bunk', 36),
  ('36F.555-054', 'bunk', 36),
  ('36F.555-072', 'bunk', 36),
  ('36F.666-009', 'limousine', 34),
  ('36F.666-027', 'bunk', 36),
  ('36F.666-045', 'bunk', 36),
  ('36F.666-063', 'bunk', 36),
  ('43F.555-022', 'limousine', 34),
  ('43F.555-040', 'limousine', 34),
  ('43F.555-058', 'limousine', 34),
  ('43F.555-076', 'limousine', 34),
  ('43F.666-003', 'bunk', 36),
  ('43F.666-013', 'limousine', 34),
  ('43F.666-031', 'limousine', 34),
  ('43F.666-049', 'limousine', 34),
  ('43F.666-067', 'limousine', 34),
  ('51F.555-020', 'bunk', 45),
  ('51F.555-038', 'bunk', 45),
  ('51F.555-056', 'bunk', 45),
  ('51F.555-074', 'bunk', 45),
  ('51F.666-001', 'bunk', 36),
  ('51F.666-005', 'bunk', 36),
  ('51F.666-011', 'limousine', 34),
  ('51F.666-029', 'limousine', 34),
  ('51F.666-047', 'limousine', 34),
  ('51F.666-065', 'limousine', 34),
  ('60F.555-010', 'bunk', 36),
  ('60F.555-026', 'limousine', 34),
  ('60F.555-044', 'limousine', 34),
  ('60F.555-062', 'limousine', 34),
  ('60F.555-080', 'limousine', 34),
  ('60F.666-017', 'limousine', 34),
  ('60F.666-035', 'limousine', 34),
  ('60F.666-053', 'limousine', 34),
  ('60F.666-071', 'limousine', 34),
  ('75F.555-008', 'bunk', 45),
  ('75F.555-024', 'limousine', 34),
  ('75F.555-042', 'limousine', 34),
  ('75F.555-060', 'limousine', 34),
  ('75F.555-078', 'limousine', 34),
  ('75F.666-015', 'limousine', 34),
  ('75F.666-033', 'limousine', 34),
  ('75F.666-051', 'limousine', 34),
  ('75F.666-069', 'limousine', 34),
  ('92F.555-006', 'limousine', 34),
  ('92F.555-012', 'bunk', 36),
  ('92F.555-030', 'bunk', 36),
  ('92F.555-048', 'bunk', 36),
  ('92F.555-066', 'bunk', 36),
  ('92F.666-021', 'bunk', 36),
  ('92F.666-039', 'bunk', 36),
  ('92F.666-057', 'bunk', 36),
  ('92F.666-075', 'bunk', 36);

-- --------------------------------------------------------
--
-- Table structure for table `bus_seats`
--
CREATE TABLE `bus_seats` (
  `id` int(11) NOT NULL,
  `bus_id` varchar(12) NOT NULL,
  `seat_name` varchar(10) NOT NULL
) ENGINE = InnoDB DEFAULT CHARSET = utf8mb4 COLLATE = utf8mb4_general_ci;

--
-- Dumping data for table `bus_seats`
--
INSERT INTO
  `bus_seats` (`id`, `bus_id`, `seat_name`)
VALUES
  (1, '14F.555-016', 'A1'),
  (2, '14F.555-016', 'A2'),
  (3, '14F.555-016', 'A3'),
  (4, '14F.555-016', 'A4'),
  (5, '14F.555-016', 'A5'),
  (6, '14F.555-016', 'A6'),
  (7, '14F.555-016', 'A7'),
  (8, '14F.555-016', 'A8'),
  (9, '14F.555-016', 'A9'),
  (10, '14F.555-016', 'A10'),
  (11, '14F.555-016', 'A11'),
  (12, '14F.555-016', 'A12'),
  (13, '14F.555-016', 'A13'),
  (14, '14F.555-016', 'A14'),
  (15, '14F.555-016', 'A15'),
  (16, '14F.555-016', 'A16'),
  (17, '14F.555-016', 'A17'),
  (18, '14F.555-016', 'A18'),
  (19, '14F.555-016', 'B1'),
  (20, '14F.555-016', 'B2'),
  (21, '14F.555-016', 'B3'),
  (22, '14F.555-016', 'B4'),
  (23, '14F.555-016', 'B5'),
  (24, '14F.555-016', 'B6'),
  (25, '14F.555-016', 'B7'),
  (26, '14F.555-016', 'B8'),
  (27, '14F.555-016', 'B9'),
  (28, '14F.555-016', 'B10'),
  (29, '14F.555-016', 'B11'),
  (30, '14F.555-016', 'B12'),
  (31, '14F.555-016', 'B13'),
  (32, '14F.555-016', 'B14'),
  (33, '14F.555-016', 'B15'),
  (34, '14F.555-016', 'B16'),
  (35, '14F.555-016', 'B17'),
  (36, '14F.555-016', 'B18'),
  (37, '14F.555-034', 'A1'),
  (38, '14F.555-034', 'A2'),
  (39, '14F.555-034', 'A3'),
  (40, '14F.555-034', 'A4'),
  (41, '14F.555-034', 'A5'),
  (42, '14F.555-034', 'A6'),
  (43, '14F.555-034', 'A7'),
  (44, '14F.555-034', 'A8'),
  (45, '14F.555-034', 'A9'),
  (46, '14F.555-034', 'A10'),
  (47, '14F.555-034', 'A11'),
  (48, '14F.555-034', 'A12'),
  (49, '14F.555-034', 'A13'),
  (50, '14F.555-034', 'A14'),
  (51, '14F.555-034', 'A15'),
  (52, '14F.555-034', 'A16'),
  (53, '14F.555-034', 'A17'),
  (54, '14F.555-034', 'A18'),
  (55, '14F.555-034', 'B1'),
  (56, '14F.555-034', 'B2'),
  (57, '14F.555-034', 'B3'),
  (58, '14F.555-034', 'B4'),
  (59, '14F.555-034', 'B5'),
  (60, '14F.555-034', 'B6'),
  (61, '14F.555-034', 'B7'),
  (62, '14F.555-034', 'B8'),
  (63, '14F.555-034', 'B9'),
  (64, '14F.555-034', 'B10'),
  (65, '14F.555-034', 'B11'),
  (66, '14F.555-034', 'B12'),
  (67, '14F.555-034', 'B13'),
  (68, '14F.555-034', 'B14'),
  (69, '14F.555-034', 'B15'),
  (70, '14F.555-034', 'B16'),
  (71, '14F.555-034', 'B17'),
  (72, '14F.555-034', 'B18'),
  (73, '14F.555-052', 'A1'),
  (74, '14F.555-052', 'A2'),
  (75, '14F.555-052', 'A3'),
  (76, '14F.555-052', 'A4'),
  (77, '14F.555-052', 'A5'),
  (78, '14F.555-052', 'A6'),
  (79, '14F.555-052', 'A7'),
  (80, '14F.555-052', 'A8'),
  (81, '14F.555-052', 'A9'),
  (82, '14F.555-052', 'A10'),
  (83, '14F.555-052', 'A11'),
  (84, '14F.555-052', 'A12'),
  (85, '14F.555-052', 'A13'),
  (86, '14F.555-052', 'A14'),
  (87, '14F.555-052', 'A15'),
  (88, '14F.555-052', 'A16'),
  (89, '14F.555-052', 'A17'),
  (90, '14F.555-052', 'A18'),
  (91, '14F.555-052', 'B1'),
  (92, '14F.555-052', 'B2'),
  (93, '14F.555-052', 'B3'),
  (94, '14F.555-052', 'B4'),
  (95, '14F.555-052', 'B5'),
  (96, '14F.555-052', 'B6'),
  (97, '14F.555-052', 'B7'),
  (98, '14F.555-052', 'B8'),
  (99, '14F.555-052', 'B9'),
  (100, '14F.555-052', 'B10'),
  (101, '14F.555-052', 'B11'),
  (102, '14F.555-052', 'B12'),
  (103, '14F.555-052', 'B13'),
  (104, '14F.555-052', 'B14'),
  (105, '14F.555-052', 'B15'),
  (106, '14F.555-052', 'B16'),
  (107, '14F.555-052', 'B17'),
  (108, '14F.555-052', 'B18'),
  (109, '14F.555-070', 'A1'),
  (110, '14F.555-070', 'A2'),
  (111, '14F.555-070', 'A3'),
  (112, '14F.555-070', 'A4'),
  (113, '14F.555-070', 'A5'),
  (114, '14F.555-070', 'A6'),
  (115, '14F.555-070', 'A7'),
  (116, '14F.555-070', 'A8'),
  (117, '14F.555-070', 'A9'),
  (118, '14F.555-070', 'A10'),
  (119, '14F.555-070', 'A11'),
  (120, '14F.555-070', 'A12'),
  (121, '14F.555-070', 'A13'),
  (122, '14F.555-070', 'A14'),
  (123, '14F.555-070', 'A15'),
  (124, '14F.555-070', 'A16'),
  (125, '14F.555-070', 'A17'),
  (126, '14F.555-070', 'A18'),
  (127, '14F.555-070', 'B1'),
  (128, '14F.555-070', 'B2'),
  (129, '14F.555-070', 'B3'),
  (130, '14F.555-070', 'B4'),
  (131, '14F.555-070', 'B5'),
  (132, '14F.555-070', 'B6'),
  (133, '14F.555-070', 'B7'),
  (134, '14F.555-070', 'B8'),
  (135, '14F.555-070', 'B9'),
  (136, '14F.555-070', 'B10'),
  (137, '14F.555-070', 'B11'),
  (138, '14F.555-070', 'B12'),
  (139, '14F.555-070', 'B13'),
  (140, '14F.555-070', 'B14'),
  (141, '14F.555-070', 'B15'),
  (142, '14F.555-070', 'B16'),
  (143, '14F.555-070', 'B17'),
  (144, '14F.555-070', 'B18'),
  (145, '14F.666-007', 'A1'),
  (146, '14F.666-007', 'A2'),
  (147, '14F.666-007', 'A3'),
  (148, '14F.666-007', 'A4'),
  (149, '14F.666-007', 'A5'),
  (150, '14F.666-007', 'A6'),
  (151, '14F.666-007', 'A7'),
  (152, '14F.666-007', 'A8'),
  (153, '14F.666-007', 'A9'),
  (154, '14F.666-007', 'A10'),
  (155, '14F.666-007', 'A11'),
  (156, '14F.666-007', 'A12'),
  (157, '14F.666-007', 'A13'),
  (158, '14F.666-007', 'A14'),
  (159, '14F.666-007', 'A15'),
  (160, '14F.666-007', 'A16'),
  (161, '14F.666-007', 'A17'),
  (162, '14F.666-007', 'A18'),
  (163, '14F.666-007', 'B1'),
  (164, '14F.666-007', 'B2'),
  (165, '14F.666-007', 'B3'),
  (166, '14F.666-007', 'B4'),
  (167, '14F.666-007', 'B5'),
  (168, '14F.666-007', 'B6'),
  (169, '14F.666-007', 'B7'),
  (170, '14F.666-007', 'B8'),
  (171, '14F.666-007', 'B9'),
  (172, '14F.666-007', 'B10'),
  (173, '14F.666-007', 'B11'),
  (174, '14F.666-007', 'B12'),
  (175, '14F.666-007', 'B13'),
  (176, '14F.666-007', 'B14'),
  (177, '14F.666-007', 'B15'),
  (178, '14F.666-007', 'B16'),
  (179, '14F.666-007', 'B17'),
  (180, '14F.666-007', 'B18'),
  (181, '14F.666-025', 'A1'),
  (182, '14F.666-025', 'A2'),
  (183, '14F.666-025', 'A3'),
  (184, '14F.666-025', 'A4'),
  (185, '14F.666-025', 'A5'),
  (186, '14F.666-025', 'A6'),
  (187, '14F.666-025', 'A7'),
  (188, '14F.666-025', 'A8'),
  (189, '14F.666-025', 'A9'),
  (190, '14F.666-025', 'A10'),
  (191, '14F.666-025', 'A11'),
  (192, '14F.666-025', 'A12'),
  (193, '14F.666-025', 'A13'),
  (194, '14F.666-025', 'A14'),
  (195, '14F.666-025', 'A15'),
  (196, '14F.666-025', 'A16'),
  (197, '14F.666-025', 'A17'),
  (198, '14F.666-025', 'A18'),
  (199, '14F.666-025', 'B1'),
  (200, '14F.666-025', 'B2'),
  (201, '14F.666-025', 'B3'),
  (202, '14F.666-025', 'B4'),
  (203, '14F.666-025', 'B5'),
  (204, '14F.666-025', 'B6'),
  (205, '14F.666-025', 'B7'),
  (206, '14F.666-025', 'B8'),
  (207, '14F.666-025', 'B9'),
  (208, '14F.666-025', 'B10'),
  (209, '14F.666-025', 'B11'),
  (210, '14F.666-025', 'B12'),
  (211, '14F.666-025', 'B13'),
  (212, '14F.666-025', 'B14'),
  (213, '14F.666-025', 'B15'),
  (214, '14F.666-025', 'B16'),
  (215, '14F.666-025', 'B17'),
  (216, '14F.666-025', 'B18'),
  (217, '14F.666-043', 'A1'),
  (218, '14F.666-043', 'A2'),
  (219, '14F.666-043', 'A3'),
  (220, '14F.666-043', 'A4'),
  (221, '14F.666-043', 'A5'),
  (222, '14F.666-043', 'A6'),
  (223, '14F.666-043', 'A7'),
  (224, '14F.666-043', 'A8'),
  (225, '14F.666-043', 'A9'),
  (226, '14F.666-043', 'A10'),
  (227, '14F.666-043', 'A11'),
  (228, '14F.666-043', 'A12'),
  (229, '14F.666-043', 'A13'),
  (230, '14F.666-043', 'A14'),
  (231, '14F.666-043', 'A15'),
  (232, '14F.666-043', 'A16'),
  (233, '14F.666-043', 'A17'),
  (234, '14F.666-043', 'A18'),
  (235, '14F.666-043', 'B1'),
  (236, '14F.666-043', 'B2'),
  (237, '14F.666-043', 'B3'),
  (238, '14F.666-043', 'B4'),
  (239, '14F.666-043', 'B5'),
  (240, '14F.666-043', 'B6'),
  (241, '14F.666-043', 'B7'),
  (242, '14F.666-043', 'B8'),
  (243, '14F.666-043', 'B9'),
  (244, '14F.666-043', 'B10'),
  (245, '14F.666-043', 'B11'),
  (246, '14F.666-043', 'B12'),
  (247, '14F.666-043', 'B13'),
  (248, '14F.666-043', 'B14'),
  (249, '14F.666-043', 'B15'),
  (250, '14F.666-043', 'B16'),
  (251, '14F.666-043', 'B17'),
  (252, '14F.666-043', 'B18'),
  (253, '14F.666-061', 'A1'),
  (254, '14F.666-061', 'A2'),
  (255, '14F.666-061', 'A3'),
  (256, '14F.666-061', 'A4'),
  (257, '14F.666-061', 'A5'),
  (258, '14F.666-061', 'A6'),
  (259, '14F.666-061', 'A7'),
  (260, '14F.666-061', 'A8'),
  (261, '14F.666-061', 'A9'),
  (262, '14F.666-061', 'A10'),
  (263, '14F.666-061', 'A11'),
  (264, '14F.666-061', 'A12'),
  (265, '14F.666-061', 'A13'),
  (266, '14F.666-061', 'A14'),
  (267, '14F.666-061', 'A15'),
  (268, '14F.666-061', 'A16'),
  (269, '14F.666-061', 'A17'),
  (270, '14F.666-061', 'A18'),
  (271, '14F.666-061', 'B1'),
  (272, '14F.666-061', 'B2'),
  (273, '14F.666-061', 'B3'),
  (274, '14F.666-061', 'B4'),
  (275, '14F.666-061', 'B5'),
  (276, '14F.666-061', 'B6'),
  (277, '14F.666-061', 'B7'),
  (278, '14F.666-061', 'B8'),
  (279, '14F.666-061', 'B9'),
  (280, '14F.666-061', 'B10'),
  (281, '14F.666-061', 'B11'),
  (282, '14F.666-061', 'B12'),
  (283, '14F.666-061', 'B13'),
  (284, '14F.666-061', 'B14'),
  (285, '14F.666-061', 'B15'),
  (286, '14F.666-061', 'B16'),
  (287, '14F.666-061', 'B17'),
  (288, '14F.666-061', 'B18'),
  (289, '14F.666-079', 'A1'),
  (290, '14F.666-079', 'A2'),
  (291, '14F.666-079', 'A3'),
  (292, '14F.666-079', 'A4'),
  (293, '14F.666-079', 'A5'),
  (294, '14F.666-079', 'A6'),
  (295, '14F.666-079', 'A7'),
  (296, '14F.666-079', 'A8'),
  (297, '14F.666-079', 'A9'),
  (298, '14F.666-079', 'A10'),
  (299, '14F.666-079', 'A11'),
  (300, '14F.666-079', 'A12'),
  (301, '14F.666-079', 'A13'),
  (302, '14F.666-079', 'A14'),
  (303, '14F.666-079', 'A15'),
  (304, '14F.666-079', 'A16'),
  (305, '14F.666-079', 'A17'),
  (306, '14F.666-079', 'A18'),
  (307, '14F.666-079', 'B1'),
  (308, '14F.666-079', 'B2'),
  (309, '14F.666-079', 'B3'),
  (310, '14F.666-079', 'B4'),
  (311, '14F.666-079', 'B5'),
  (312, '14F.666-079', 'B6'),
  (313, '14F.666-079', 'B7'),
  (314, '14F.666-079', 'B8'),
  (315, '14F.666-079', 'B9'),
  (316, '14F.666-079', 'B10'),
  (317, '14F.666-079', 'B11'),
  (318, '14F.666-079', 'B12'),
  (319, '14F.666-079', 'B13'),
  (320, '14F.666-079', 'B14'),
  (321, '14F.666-079', 'B15'),
  (322, '14F.666-079', 'B16'),
  (323, '14F.666-079', 'B17'),
  (324, '14F.666-079', 'B18'),
  (325, '29F.555-014', 'A1'),
  (326, '29F.555-014', 'A2'),
  (327, '29F.555-014', 'A3'),
  (328, '29F.555-014', 'A4'),
  (329, '29F.555-014', 'A5'),
  (330, '29F.555-014', 'A6'),
  (331, '29F.555-014', 'A7'),
  (332, '29F.555-014', 'A8'),
  (333, '29F.555-014', 'A9'),
  (334, '29F.555-014', 'A10'),
  (335, '29F.555-014', 'A11'),
  (336, '29F.555-014', 'A12'),
  (337, '29F.555-014', 'A13'),
  (338, '29F.555-014', 'A14'),
  (339, '29F.555-014', 'A15'),
  (340, '29F.555-014', 'A16'),
  (341, '29F.555-014', 'A17'),
  (342, '29F.555-014', 'A18'),
  (343, '29F.555-014', 'B1'),
  (344, '29F.555-014', 'B2'),
  (345, '29F.555-014', 'B3'),
  (346, '29F.555-014', 'B4'),
  (347, '29F.555-014', 'B5'),
  (348, '29F.555-014', 'B6'),
  (349, '29F.555-014', 'B7'),
  (350, '29F.555-014', 'B8'),
  (351, '29F.555-014', 'B9'),
  (352, '29F.555-014', 'B10'),
  (353, '29F.555-014', 'B11'),
  (354, '29F.555-014', 'B12'),
  (355, '29F.555-014', 'B13'),
  (356, '29F.555-014', 'B14'),
  (357, '29F.555-014', 'B15'),
  (358, '29F.555-014', 'B16'),
  (359, '29F.555-014', 'B17'),
  (360, '29F.555-014', 'B18'),
  (361, '29F.555-032', 'A1'),
  (362, '29F.555-032', 'A2'),
  (363, '29F.555-032', 'A3'),
  (364, '29F.555-032', 'A4'),
  (365, '29F.555-032', 'A5'),
  (366, '29F.555-032', 'A6'),
  (367, '29F.555-032', 'A7'),
  (368, '29F.555-032', 'A8'),
  (369, '29F.555-032', 'A9'),
  (370, '29F.555-032', 'A10'),
  (371, '29F.555-032', 'A11'),
  (372, '29F.555-032', 'A12'),
  (373, '29F.555-032', 'A13'),
  (374, '29F.555-032', 'A14'),
  (375, '29F.555-032', 'A15'),
  (376, '29F.555-032', 'A16'),
  (377, '29F.555-032', 'A17'),
  (378, '29F.555-032', 'A18'),
  (379, '29F.555-032', 'B1'),
  (380, '29F.555-032', 'B2'),
  (381, '29F.555-032', 'B3'),
  (382, '29F.555-032', 'B4'),
  (383, '29F.555-032', 'B5'),
  (384, '29F.555-032', 'B6'),
  (385, '29F.555-032', 'B7'),
  (386, '29F.555-032', 'B8'),
  (387, '29F.555-032', 'B9'),
  (388, '29F.555-032', 'B10'),
  (389, '29F.555-032', 'B11'),
  (390, '29F.555-032', 'B12'),
  (391, '29F.555-032', 'B13'),
  (392, '29F.555-032', 'B14'),
  (393, '29F.555-032', 'B15'),
  (394, '29F.555-032', 'B16'),
  (395, '29F.555-032', 'B17'),
  (396, '29F.555-032', 'B18'),
  (397, '29F.555-050', 'A1'),
  (398, '29F.555-050', 'A2'),
  (399, '29F.555-050', 'A3'),
  (400, '29F.555-050', 'A4'),
  (401, '29F.555-050', 'A5'),
  (402, '29F.555-050', 'A6'),
  (403, '29F.555-050', 'A7'),
  (404, '29F.555-050', 'A8'),
  (405, '29F.555-050', 'A9'),
  (406, '29F.555-050', 'A10'),
  (407, '29F.555-050', 'A11'),
  (408, '29F.555-050', 'A12'),
  (409, '29F.555-050', 'A13'),
  (410, '29F.555-050', 'A14'),
  (411, '29F.555-050', 'A15'),
  (412, '29F.555-050', 'A16'),
  (413, '29F.555-050', 'A17'),
  (414, '29F.555-050', 'A18'),
  (415, '29F.555-050', 'B1'),
  (416, '29F.555-050', 'B2'),
  (417, '29F.555-050', 'B3'),
  (418, '29F.555-050', 'B4'),
  (419, '29F.555-050', 'B5'),
  (420, '29F.555-050', 'B6'),
  (421, '29F.555-050', 'B7'),
  (422, '29F.555-050', 'B8'),
  (423, '29F.555-050', 'B9'),
  (424, '29F.555-050', 'B10'),
  (425, '29F.555-050', 'B11'),
  (426, '29F.555-050', 'B12'),
  (427, '29F.555-050', 'B13'),
  (428, '29F.555-050', 'B14'),
  (429, '29F.555-050', 'B15'),
  (430, '29F.555-050', 'B16'),
  (431, '29F.555-050', 'B17'),
  (432, '29F.555-050', 'B18'),
  (433, '29F.555-068', 'A1'),
  (434, '29F.555-068', 'A2'),
  (435, '29F.555-068', 'A3'),
  (436, '29F.555-068', 'A4'),
  (437, '29F.555-068', 'A5'),
  (438, '29F.555-068', 'A6'),
  (439, '29F.555-068', 'A7'),
  (440, '29F.555-068', 'A8'),
  (441, '29F.555-068', 'A9'),
  (442, '29F.555-068', 'A10'),
  (443, '29F.555-068', 'A11'),
  (444, '29F.555-068', 'A12'),
  (445, '29F.555-068', 'A13'),
  (446, '29F.555-068', 'A14'),
  (447, '29F.555-068', 'A15'),
  (448, '29F.555-068', 'A16'),
  (449, '29F.555-068', 'A17'),
  (450, '29F.555-068', 'A18'),
  (451, '29F.555-068', 'B1'),
  (452, '29F.555-068', 'B2'),
  (453, '29F.555-068', 'B3'),
  (454, '29F.555-068', 'B4'),
  (455, '29F.555-068', 'B5'),
  (456, '29F.555-068', 'B6'),
  (457, '29F.555-068', 'B7'),
  (458, '29F.555-068', 'B8'),
  (459, '29F.555-068', 'B9'),
  (460, '29F.555-068', 'B10'),
  (461, '29F.555-068', 'B11'),
  (462, '29F.555-068', 'B12'),
  (463, '29F.555-068', 'B13'),
  (464, '29F.555-068', 'B14'),
  (465, '29F.555-068', 'B15'),
  (466, '29F.555-068', 'B16'),
  (467, '29F.555-068', 'B17'),
  (468, '29F.555-068', 'B18'),
  (469, '29F.666-023', 'A1'),
  (470, '29F.666-023', 'A2'),
  (471, '29F.666-023', 'A3'),
  (472, '29F.666-023', 'A4'),
  (473, '29F.666-023', 'A5'),
  (474, '29F.666-023', 'A6'),
  (475, '29F.666-023', 'A7'),
  (476, '29F.666-023', 'A8'),
  (477, '29F.666-023', 'A9'),
  (478, '29F.666-023', 'A10'),
  (479, '29F.666-023', 'A11'),
  (480, '29F.666-023', 'A12'),
  (481, '29F.666-023', 'A13'),
  (482, '29F.666-023', 'A14'),
  (483, '29F.666-023', 'A15'),
  (484, '29F.666-023', 'A16'),
  (485, '29F.666-023', 'A17'),
  (486, '29F.666-023', 'A18'),
  (487, '29F.666-023', 'B1'),
  (488, '29F.666-023', 'B2'),
  (489, '29F.666-023', 'B3'),
  (490, '29F.666-023', 'B4'),
  (491, '29F.666-023', 'B5'),
  (492, '29F.666-023', 'B6'),
  (493, '29F.666-023', 'B7'),
  (494, '29F.666-023', 'B8'),
  (495, '29F.666-023', 'B9'),
  (496, '29F.666-023', 'B10'),
  (497, '29F.666-023', 'B11'),
  (498, '29F.666-023', 'B12'),
  (499, '29F.666-023', 'B13'),
  (500, '29F.666-023', 'B14'),
  (501, '29F.666-023', 'B15'),
  (502, '29F.666-023', 'B16'),
  (503, '29F.666-023', 'B17'),
  (504, '29F.666-023', 'B18'),
  (505, '29F.666-041', 'A1'),
  (506, '29F.666-041', 'A2'),
  (507, '29F.666-041', 'A3'),
  (508, '29F.666-041', 'A4'),
  (509, '29F.666-041', 'A5'),
  (510, '29F.666-041', 'A6'),
  (511, '29F.666-041', 'A7'),
  (512, '29F.666-041', 'A8'),
  (513, '29F.666-041', 'A9'),
  (514, '29F.666-041', 'A10'),
  (515, '29F.666-041', 'A11'),
  (516, '29F.666-041', 'A12'),
  (517, '29F.666-041', 'A13'),
  (518, '29F.666-041', 'A14'),
  (519, '29F.666-041', 'A15'),
  (520, '29F.666-041', 'A16'),
  (521, '29F.666-041', 'A17'),
  (522, '29F.666-041', 'A18'),
  (523, '29F.666-041', 'B1'),
  (524, '29F.666-041', 'B2'),
  (525, '29F.666-041', 'B3'),
  (526, '29F.666-041', 'B4'),
  (527, '29F.666-041', 'B5'),
  (528, '29F.666-041', 'B6'),
  (529, '29F.666-041', 'B7'),
  (530, '29F.666-041', 'B8'),
  (531, '29F.666-041', 'B9'),
  (532, '29F.666-041', 'B10'),
  (533, '29F.666-041', 'B11'),
  (534, '29F.666-041', 'B12'),
  (535, '29F.666-041', 'B13'),
  (536, '29F.666-041', 'B14'),
  (537, '29F.666-041', 'B15'),
  (538, '29F.666-041', 'B16'),
  (539, '29F.666-041', 'B17'),
  (540, '29F.666-041', 'B18'),
  (541, '29F.666-059', 'A1'),
  (542, '29F.666-059', 'A2'),
  (543, '29F.666-059', 'A3'),
  (544, '29F.666-059', 'A4'),
  (545, '29F.666-059', 'A5'),
  (546, '29F.666-059', 'A6'),
  (547, '29F.666-059', 'A7'),
  (548, '29F.666-059', 'A8'),
  (549, '29F.666-059', 'A9'),
  (550, '29F.666-059', 'A10'),
  (551, '29F.666-059', 'A11'),
  (552, '29F.666-059', 'A12'),
  (553, '29F.666-059', 'A13'),
  (554, '29F.666-059', 'A14'),
  (555, '29F.666-059', 'A15'),
  (556, '29F.666-059', 'A16'),
  (557, '29F.666-059', 'A17'),
  (558, '29F.666-059', 'A18'),
  (559, '29F.666-059', 'B1'),
  (560, '29F.666-059', 'B2'),
  (561, '29F.666-059', 'B3'),
  (562, '29F.666-059', 'B4'),
  (563, '29F.666-059', 'B5'),
  (564, '29F.666-059', 'B6'),
  (565, '29F.666-059', 'B7'),
  (566, '29F.666-059', 'B8'),
  (567, '29F.666-059', 'B9'),
  (568, '29F.666-059', 'B10'),
  (569, '29F.666-059', 'B11'),
  (570, '29F.666-059', 'B12'),
  (571, '29F.666-059', 'B13'),
  (572, '29F.666-059', 'B14'),
  (573, '29F.666-059', 'B15'),
  (574, '29F.666-059', 'B16'),
  (575, '29F.666-059', 'B17'),
  (576, '29F.666-059', 'B18'),
  (577, '29F.666-077', 'A1'),
  (578, '29F.666-077', 'A2'),
  (579, '29F.666-077', 'A3'),
  (580, '29F.666-077', 'A4'),
  (581, '29F.666-077', 'A5'),
  (582, '29F.666-077', 'A6'),
  (583, '29F.666-077', 'A7'),
  (584, '29F.666-077', 'A8'),
  (585, '29F.666-077', 'A9'),
  (586, '29F.666-077', 'A10'),
  (587, '29F.666-077', 'A11'),
  (588, '29F.666-077', 'A12'),
  (589, '29F.666-077', 'A13'),
  (590, '29F.666-077', 'A14'),
  (591, '29F.666-077', 'A15'),
  (592, '29F.666-077', 'A16'),
  (593, '29F.666-077', 'A17'),
  (594, '29F.666-077', 'A18'),
  (595, '29F.666-077', 'B1'),
  (596, '29F.666-077', 'B2'),
  (597, '29F.666-077', 'B3'),
  (598, '29F.666-077', 'B4'),
  (599, '29F.666-077', 'B5'),
  (600, '29F.666-077', 'B6'),
  (601, '29F.666-077', 'B7'),
  (602, '29F.666-077', 'B8'),
  (603, '29F.666-077', 'B9'),
  (604, '29F.666-077', 'B10'),
  (605, '29F.666-077', 'B11'),
  (606, '29F.666-077', 'B12'),
  (607, '29F.666-077', 'B13'),
  (608, '29F.666-077', 'B14'),
  (609, '29F.666-077', 'B15'),
  (610, '29F.666-077', 'B16'),
  (611, '29F.666-077', 'B17'),
  (612, '29F.666-077', 'B18'),
  (613, '36F.555-018', 'A1'),
  (614, '36F.555-018', 'A2'),
  (615, '36F.555-018', 'A3'),
  (616, '36F.555-018', 'A4'),
  (617, '36F.555-018', 'A5'),
  (618, '36F.555-018', 'A6'),
  (619, '36F.555-018', 'A7'),
  (620, '36F.555-018', 'A8'),
  (621, '36F.555-018', 'A9'),
  (622, '36F.555-018', 'A10'),
  (623, '36F.555-018', 'A11'),
  (624, '36F.555-018', 'A12'),
  (625, '36F.555-018', 'A13'),
  (626, '36F.555-018', 'A14'),
  (627, '36F.555-018', 'A15'),
  (628, '36F.555-018', 'A16'),
  (629, '36F.555-018', 'A17'),
  (630, '36F.555-018', 'A18'),
  (631, '36F.555-018', 'B1'),
  (632, '36F.555-018', 'B2'),
  (633, '36F.555-018', 'B3'),
  (634, '36F.555-018', 'B4'),
  (635, '36F.555-018', 'B5'),
  (636, '36F.555-018', 'B6'),
  (637, '36F.555-018', 'B7'),
  (638, '36F.555-018', 'B8'),
  (639, '36F.555-018', 'B9'),
  (640, '36F.555-018', 'B10'),
  (641, '36F.555-018', 'B11'),
  (642, '36F.555-018', 'B12'),
  (643, '36F.555-018', 'B13'),
  (644, '36F.555-018', 'B14'),
  (645, '36F.555-018', 'B15'),
  (646, '36F.555-018', 'B16'),
  (647, '36F.555-018', 'B17'),
  (648, '36F.555-018', 'B18'),
  (649, '36F.555-036', 'A1'),
  (650, '36F.555-036', 'A2'),
  (651, '36F.555-036', 'A3'),
  (652, '36F.555-036', 'A4'),
  (653, '36F.555-036', 'A5'),
  (654, '36F.555-036', 'A6'),
  (655, '36F.555-036', 'A7'),
  (656, '36F.555-036', 'A8'),
  (657, '36F.555-036', 'A9'),
  (658, '36F.555-036', 'A10'),
  (659, '36F.555-036', 'A11'),
  (660, '36F.555-036', 'A12'),
  (661, '36F.555-036', 'A13'),
  (662, '36F.555-036', 'A14'),
  (663, '36F.555-036', 'A15'),
  (664, '36F.555-036', 'A16'),
  (665, '36F.555-036', 'A17'),
  (666, '36F.555-036', 'A18'),
  (667, '36F.555-036', 'B1'),
  (668, '36F.555-036', 'B2'),
  (669, '36F.555-036', 'B3'),
  (670, '36F.555-036', 'B4'),
  (671, '36F.555-036', 'B5'),
  (672, '36F.555-036', 'B6'),
  (673, '36F.555-036', 'B7'),
  (674, '36F.555-036', 'B8'),
  (675, '36F.555-036', 'B9'),
  (676, '36F.555-036', 'B10'),
  (677, '36F.555-036', 'B11'),
  (678, '36F.555-036', 'B12'),
  (679, '36F.555-036', 'B13'),
  (680, '36F.555-036', 'B14'),
  (681, '36F.555-036', 'B15'),
  (682, '36F.555-036', 'B16'),
  (683, '36F.555-036', 'B17'),
  (684, '36F.555-036', 'B18'),
  (685, '36F.555-054', 'A1'),
  (686, '36F.555-054', 'A2'),
  (687, '36F.555-054', 'A3'),
  (688, '36F.555-054', 'A4'),
  (689, '36F.555-054', 'A5'),
  (690, '36F.555-054', 'A6'),
  (691, '36F.555-054', 'A7'),
  (692, '36F.555-054', 'A8'),
  (693, '36F.555-054', 'A9'),
  (694, '36F.555-054', 'A10'),
  (695, '36F.555-054', 'A11'),
  (696, '36F.555-054', 'A12'),
  (697, '36F.555-054', 'A13'),
  (698, '36F.555-054', 'A14'),
  (699, '36F.555-054', 'A15'),
  (700, '36F.555-054', 'A16'),
  (701, '36F.555-054', 'A17'),
  (702, '36F.555-054', 'A18'),
  (703, '36F.555-054', 'B1'),
  (704, '36F.555-054', 'B2'),
  (705, '36F.555-054', 'B3'),
  (706, '36F.555-054', 'B4'),
  (707, '36F.555-054', 'B5'),
  (708, '36F.555-054', 'B6'),
  (709, '36F.555-054', 'B7'),
  (710, '36F.555-054', 'B8'),
  (711, '36F.555-054', 'B9'),
  (712, '36F.555-054', 'B10'),
  (713, '36F.555-054', 'B11'),
  (714, '36F.555-054', 'B12'),
  (715, '36F.555-054', 'B13'),
  (716, '36F.555-054', 'B14'),
  (717, '36F.555-054', 'B15'),
  (718, '36F.555-054', 'B16'),
  (719, '36F.555-054', 'B17'),
  (720, '36F.555-054', 'B18'),
  (721, '36F.555-072', 'A1'),
  (722, '36F.555-072', 'A2'),
  (723, '36F.555-072', 'A3'),
  (724, '36F.555-072', 'A4'),
  (725, '36F.555-072', 'A5'),
  (726, '36F.555-072', 'A6'),
  (727, '36F.555-072', 'A7'),
  (728, '36F.555-072', 'A8'),
  (729, '36F.555-072', 'A9'),
  (730, '36F.555-072', 'A10'),
  (731, '36F.555-072', 'A11'),
  (732, '36F.555-072', 'A12'),
  (733, '36F.555-072', 'A13'),
  (734, '36F.555-072', 'A14'),
  (735, '36F.555-072', 'A15'),
  (736, '36F.555-072', 'A16'),
  (737, '36F.555-072', 'A17'),
  (738, '36F.555-072', 'A18'),
  (739, '36F.555-072', 'B1'),
  (740, '36F.555-072', 'B2'),
  (741, '36F.555-072', 'B3'),
  (742, '36F.555-072', 'B4'),
  (743, '36F.555-072', 'B5'),
  (744, '36F.555-072', 'B6'),
  (745, '36F.555-072', 'B7'),
  (746, '36F.555-072', 'B8'),
  (747, '36F.555-072', 'B9'),
  (748, '36F.555-072', 'B10'),
  (749, '36F.555-072', 'B11'),
  (750, '36F.555-072', 'B12'),
  (751, '36F.555-072', 'B13'),
  (752, '36F.555-072', 'B14'),
  (753, '36F.555-072', 'B15'),
  (754, '36F.555-072', 'B16'),
  (755, '36F.555-072', 'B17'),
  (756, '36F.555-072', 'B18'),
  (757, '36F.666-027', 'A1'),
  (758, '36F.666-027', 'A2'),
  (759, '36F.666-027', 'A3'),
  (760, '36F.666-027', 'A4'),
  (761, '36F.666-027', 'A5'),
  (762, '36F.666-027', 'A6'),
  (763, '36F.666-027', 'A7'),
  (764, '36F.666-027', 'A8'),
  (765, '36F.666-027', 'A9'),
  (766, '36F.666-027', 'A10'),
  (767, '36F.666-027', 'A11'),
  (768, '36F.666-027', 'A12'),
  (769, '36F.666-027', 'A13'),
  (770, '36F.666-027', 'A14'),
  (771, '36F.666-027', 'A15'),
  (772, '36F.666-027', 'A16'),
  (773, '36F.666-027', 'A17'),
  (774, '36F.666-027', 'A18'),
  (775, '36F.666-027', 'B1'),
  (776, '36F.666-027', 'B2'),
  (777, '36F.666-027', 'B3'),
  (778, '36F.666-027', 'B4'),
  (779, '36F.666-027', 'B5'),
  (780, '36F.666-027', 'B6'),
  (781, '36F.666-027', 'B7'),
  (782, '36F.666-027', 'B8'),
  (783, '36F.666-027', 'B9'),
  (784, '36F.666-027', 'B10'),
  (785, '36F.666-027', 'B11'),
  (786, '36F.666-027', 'B12'),
  (787, '36F.666-027', 'B13'),
  (788, '36F.666-027', 'B14'),
  (789, '36F.666-027', 'B15'),
  (790, '36F.666-027', 'B16'),
  (791, '36F.666-027', 'B17'),
  (792, '36F.666-027', 'B18'),
  (793, '36F.666-045', 'A1'),
  (794, '36F.666-045', 'A2'),
  (795, '36F.666-045', 'A3'),
  (796, '36F.666-045', 'A4'),
  (797, '36F.666-045', 'A5'),
  (798, '36F.666-045', 'A6'),
  (799, '36F.666-045', 'A7'),
  (800, '36F.666-045', 'A8'),
  (801, '36F.666-045', 'A9'),
  (802, '36F.666-045', 'A10'),
  (803, '36F.666-045', 'A11'),
  (804, '36F.666-045', 'A12'),
  (805, '36F.666-045', 'A13'),
  (806, '36F.666-045', 'A14'),
  (807, '36F.666-045', 'A15'),
  (808, '36F.666-045', 'A16'),
  (809, '36F.666-045', 'A17'),
  (810, '36F.666-045', 'A18'),
  (811, '36F.666-045', 'B1'),
  (812, '36F.666-045', 'B2'),
  (813, '36F.666-045', 'B3'),
  (814, '36F.666-045', 'B4'),
  (815, '36F.666-045', 'B5'),
  (816, '36F.666-045', 'B6'),
  (817, '36F.666-045', 'B7'),
  (818, '36F.666-045', 'B8'),
  (819, '36F.666-045', 'B9'),
  (820, '36F.666-045', 'B10'),
  (821, '36F.666-045', 'B11'),
  (822, '36F.666-045', 'B12'),
  (823, '36F.666-045', 'B13'),
  (824, '36F.666-045', 'B14'),
  (825, '36F.666-045', 'B15'),
  (826, '36F.666-045', 'B16'),
  (827, '36F.666-045', 'B17'),
  (828, '36F.666-045', 'B18'),
  (829, '36F.666-063', 'A1'),
  (830, '36F.666-063', 'A2'),
  (831, '36F.666-063', 'A3'),
  (832, '36F.666-063', 'A4'),
  (833, '36F.666-063', 'A5'),
  (834, '36F.666-063', 'A6'),
  (835, '36F.666-063', 'A7'),
  (836, '36F.666-063', 'A8'),
  (837, '36F.666-063', 'A9'),
  (838, '36F.666-063', 'A10'),
  (839, '36F.666-063', 'A11'),
  (840, '36F.666-063', 'A12'),
  (841, '36F.666-063', 'A13'),
  (842, '36F.666-063', 'A14'),
  (843, '36F.666-063', 'A15'),
  (844, '36F.666-063', 'A16'),
  (845, '36F.666-063', 'A17'),
  (846, '36F.666-063', 'A18'),
  (847, '36F.666-063', 'B1'),
  (848, '36F.666-063', 'B2'),
  (849, '36F.666-063', 'B3'),
  (850, '36F.666-063', 'B4'),
  (851, '36F.666-063', 'B5'),
  (852, '36F.666-063', 'B6'),
  (853, '36F.666-063', 'B7'),
  (854, '36F.666-063', 'B8'),
  (855, '36F.666-063', 'B9'),
  (856, '36F.666-063', 'B10'),
  (857, '36F.666-063', 'B11'),
  (858, '36F.666-063', 'B12'),
  (859, '36F.666-063', 'B13'),
  (860, '36F.666-063', 'B14'),
  (861, '36F.666-063', 'B15'),
  (862, '36F.666-063', 'B16'),
  (863, '36F.666-063', 'B17'),
  (864, '36F.666-063', 'B18'),
  (865, '43F.666-003', 'A1'),
  (866, '43F.666-003', 'A2'),
  (867, '43F.666-003', 'A3'),
  (868, '43F.666-003', 'A4'),
  (869, '43F.666-003', 'A5'),
  (870, '43F.666-003', 'A6'),
  (871, '43F.666-003', 'A7'),
  (872, '43F.666-003', 'A8'),
  (873, '43F.666-003', 'A9'),
  (874, '43F.666-003', 'A10'),
  (875, '43F.666-003', 'A11'),
  (876, '43F.666-003', 'A12'),
  (877, '43F.666-003', 'A13'),
  (878, '43F.666-003', 'A14'),
  (879, '43F.666-003', 'A15'),
  (880, '43F.666-003', 'A16'),
  (881, '43F.666-003', 'A17'),
  (882, '43F.666-003', 'A18'),
  (883, '43F.666-003', 'B1'),
  (884, '43F.666-003', 'B2'),
  (885, '43F.666-003', 'B3'),
  (886, '43F.666-003', 'B4'),
  (887, '43F.666-003', 'B5'),
  (888, '43F.666-003', 'B6'),
  (889, '43F.666-003', 'B7'),
  (890, '43F.666-003', 'B8'),
  (891, '43F.666-003', 'B9'),
  (892, '43F.666-003', 'B10'),
  (893, '43F.666-003', 'B11'),
  (894, '43F.666-003', 'B12'),
  (895, '43F.666-003', 'B13'),
  (896, '43F.666-003', 'B14'),
  (897, '43F.666-003', 'B15'),
  (898, '43F.666-003', 'B16'),
  (899, '43F.666-003', 'B17'),
  (900, '43F.666-003', 'B18'),
  (901, '51F.555-020', 'A1'),
  (902, '51F.555-020', 'A2'),
  (903, '51F.555-020', 'A3'),
  (904, '51F.555-020', 'A4'),
  (905, '51F.555-020', 'A5'),
  (906, '51F.555-020', 'A6'),
  (907, '51F.555-020', 'A7'),
  (908, '51F.555-020', 'A8'),
  (909, '51F.555-020', 'A9'),
  (910, '51F.555-020', 'A10'),
  (911, '51F.555-020', 'A11'),
  (912, '51F.555-020', 'A12'),
  (913, '51F.555-020', 'A13'),
  (914, '51F.555-020', 'A14'),
  (915, '51F.555-020', 'A15'),
  (916, '51F.555-020', 'A16'),
  (917, '51F.555-020', 'A17'),
  (918, '51F.555-020', 'A18'),
  (919, '51F.555-020', 'B1'),
  (920, '51F.555-020', 'B2'),
  (921, '51F.555-020', 'B3'),
  (922, '51F.555-020', 'B4'),
  (923, '51F.555-020', 'B5'),
  (924, '51F.555-020', 'B6'),
  (925, '51F.555-020', 'B7'),
  (926, '51F.555-020', 'B8'),
  (927, '51F.555-020', 'B9'),
  (928, '51F.555-020', 'B10'),
  (929, '51F.555-020', 'B11'),
  (930, '51F.555-020', 'B12'),
  (931, '51F.555-020', 'B13'),
  (932, '51F.555-020', 'B14'),
  (933, '51F.555-020', 'B15'),
  (934, '51F.555-020', 'B16'),
  (935, '51F.555-020', 'B17'),
  (936, '51F.555-020', 'B18'),
  (937, '51F.555-038', 'A1'),
  (938, '51F.555-038', 'A2'),
  (939, '51F.555-038', 'A3'),
  (940, '51F.555-038', 'A4'),
  (941, '51F.555-038', 'A5'),
  (942, '51F.555-038', 'A6'),
  (943, '51F.555-038', 'A7'),
  (944, '51F.555-038', 'A8'),
  (945, '51F.555-038', 'A9'),
  (946, '51F.555-038', 'A10'),
  (947, '51F.555-038', 'A11'),
  (948, '51F.555-038', 'A12'),
  (949, '51F.555-038', 'A13'),
  (950, '51F.555-038', 'A14'),
  (951, '51F.555-038', 'A15'),
  (952, '51F.555-038', 'A16'),
  (953, '51F.555-038', 'A17'),
  (954, '51F.555-038', 'A18'),
  (955, '51F.555-038', 'B1'),
  (956, '51F.555-038', 'B2'),
  (957, '51F.555-038', 'B3'),
  (958, '51F.555-038', 'B4'),
  (959, '51F.555-038', 'B5'),
  (960, '51F.555-038', 'B6'),
  (961, '51F.555-038', 'B7'),
  (962, '51F.555-038', 'B8'),
  (963, '51F.555-038', 'B9'),
  (964, '51F.555-038', 'B10'),
  (965, '51F.555-038', 'B11'),
  (966, '51F.555-038', 'B12'),
  (967, '51F.555-038', 'B13'),
  (968, '51F.555-038', 'B14'),
  (969, '51F.555-038', 'B15'),
  (970, '51F.555-038', 'B16'),
  (971, '51F.555-038', 'B17'),
  (972, '51F.555-038', 'B18'),
  (973, '51F.555-056', 'A1'),
  (974, '51F.555-056', 'A2'),
  (975, '51F.555-056', 'A3'),
  (976, '51F.555-056', 'A4'),
  (977, '51F.555-056', 'A5'),
  (978, '51F.555-056', 'A6'),
  (979, '51F.555-056', 'A7'),
  (980, '51F.555-056', 'A8'),
  (981, '51F.555-056', 'A9'),
  (982, '51F.555-056', 'A10'),
  (983, '51F.555-056', 'A11'),
  (984, '51F.555-056', 'A12'),
  (985, '51F.555-056', 'A13'),
  (986, '51F.555-056', 'A14'),
  (987, '51F.555-056', 'A15'),
  (988, '51F.555-056', 'A16'),
  (989, '51F.555-056', 'A17'),
  (990, '51F.555-056', 'A18'),
  (991, '51F.555-056', 'B1'),
  (992, '51F.555-056', 'B2'),
  (993, '51F.555-056', 'B3'),
  (994, '51F.555-056', 'B4'),
  (995, '51F.555-056', 'B5'),
  (996, '51F.555-056', 'B6'),
  (997, '51F.555-056', 'B7'),
  (998, '51F.555-056', 'B8'),
  (999, '51F.555-056', 'B9'),
  (1000, '51F.555-056', 'B10'),
  (1001, '51F.555-056', 'B11'),
  (1002, '51F.555-056', 'B12'),
  (1003, '51F.555-056', 'B13'),
  (1004, '51F.555-056', 'B14'),
  (1005, '51F.555-056', 'B15'),
  (1006, '51F.555-056', 'B16'),
  (1007, '51F.555-056', 'B17'),
  (1008, '51F.555-056', 'B18'),
  (1009, '51F.555-074', 'A1'),
  (1010, '51F.555-074', 'A2'),
  (1011, '51F.555-074', 'A3'),
  (1012, '51F.555-074', 'A4'),
  (1013, '51F.555-074', 'A5'),
  (1014, '51F.555-074', 'A6'),
  (1015, '51F.555-074', 'A7'),
  (1016, '51F.555-074', 'A8'),
  (1017, '51F.555-074', 'A9'),
  (1018, '51F.555-074', 'A10'),
  (1019, '51F.555-074', 'A11'),
  (1020, '51F.555-074', 'A12'),
  (1021, '51F.555-074', 'A13'),
  (1022, '51F.555-074', 'A14'),
  (1023, '51F.555-074', 'A15'),
  (1024, '51F.555-074', 'A16'),
  (1025, '51F.555-074', 'A17'),
  (1026, '51F.555-074', 'A18'),
  (1027, '51F.555-074', 'B1'),
  (1028, '51F.555-074', 'B2'),
  (1029, '51F.555-074', 'B3'),
  (1030, '51F.555-074', 'B4'),
  (1031, '51F.555-074', 'B5'),
  (1032, '51F.555-074', 'B6'),
  (1033, '51F.555-074', 'B7'),
  (1034, '51F.555-074', 'B8'),
  (1035, '51F.555-074', 'B9'),
  (1036, '51F.555-074', 'B10'),
  (1037, '51F.555-074', 'B11'),
  (1038, '51F.555-074', 'B12'),
  (1039, '51F.555-074', 'B13'),
  (1040, '51F.555-074', 'B14'),
  (1041, '51F.555-074', 'B15'),
  (1042, '51F.555-074', 'B16'),
  (1043, '51F.555-074', 'B17'),
  (1044, '51F.555-074', 'B18'),
  (1045, '51F.666-001', 'A1'),
  (1046, '51F.666-001', 'A2'),
  (1047, '51F.666-001', 'A3'),
  (1048, '51F.666-001', 'A4'),
  (1049, '51F.666-001', 'A5'),
  (1050, '51F.666-001', 'A6'),
  (1051, '51F.666-001', 'A7'),
  (1052, '51F.666-001', 'A8'),
  (1053, '51F.666-001', 'A9'),
  (1054, '51F.666-001', 'A10'),
  (1055, '51F.666-001', 'A11'),
  (1056, '51F.666-001', 'A12'),
  (1057, '51F.666-001', 'A13'),
  (1058, '51F.666-001', 'A14'),
  (1059, '51F.666-001', 'A15'),
  (1060, '51F.666-001', 'A16'),
  (1061, '51F.666-001', 'A17'),
  (1062, '51F.666-001', 'A18'),
  (1063, '51F.666-001', 'B1'),
  (1064, '51F.666-001', 'B2'),
  (1065, '51F.666-001', 'B3'),
  (1066, '51F.666-001', 'B4'),
  (1067, '51F.666-001', 'B5'),
  (1068, '51F.666-001', 'B6'),
  (1069, '51F.666-001', 'B7'),
  (1070, '51F.666-001', 'B8'),
  (1071, '51F.666-001', 'B9'),
  (1072, '51F.666-001', 'B10'),
  (1073, '51F.666-001', 'B11'),
  (1074, '51F.666-001', 'B12'),
  (1075, '51F.666-001', 'B13'),
  (1076, '51F.666-001', 'B14'),
  (1077, '51F.666-001', 'B15'),
  (1078, '51F.666-001', 'B16'),
  (1079, '51F.666-001', 'B17'),
  (1080, '51F.666-001', 'B18'),
  (1081, '51F.666-005', 'A1'),
  (1082, '51F.666-005', 'A2'),
  (1083, '51F.666-005', 'A3'),
  (1084, '51F.666-005', 'A4'),
  (1085, '51F.666-005', 'A5'),
  (1086, '51F.666-005', 'A6'),
  (1087, '51F.666-005', 'A7'),
  (1088, '51F.666-005', 'A8'),
  (1089, '51F.666-005', 'A9'),
  (1090, '51F.666-005', 'A10'),
  (1091, '51F.666-005', 'A11'),
  (1092, '51F.666-005', 'A12'),
  (1093, '51F.666-005', 'A13'),
  (1094, '51F.666-005', 'A14'),
  (1095, '51F.666-005', 'A15'),
  (1096, '51F.666-005', 'A16'),
  (1097, '51F.666-005', 'A17'),
  (1098, '51F.666-005', 'A18'),
  (1099, '51F.666-005', 'B1'),
  (1100, '51F.666-005', 'B2'),
  (1101, '51F.666-005', 'B3'),
  (1102, '51F.666-005', 'B4'),
  (1103, '51F.666-005', 'B5'),
  (1104, '51F.666-005', 'B6'),
  (1105, '51F.666-005', 'B7'),
  (1106, '51F.666-005', 'B8'),
  (1107, '51F.666-005', 'B9'),
  (1108, '51F.666-005', 'B10'),
  (1109, '51F.666-005', 'B11'),
  (1110, '51F.666-005', 'B12'),
  (1111, '51F.666-005', 'B13'),
  (1112, '51F.666-005', 'B14'),
  (1113, '51F.666-005', 'B15'),
  (1114, '51F.666-005', 'B16'),
  (1115, '51F.666-005', 'B17'),
  (1116, '51F.666-005', 'B18'),
  (1117, '60F.555-010', 'A1'),
  (1118, '60F.555-010', 'A2'),
  (1119, '60F.555-010', 'A3'),
  (1120, '60F.555-010', 'A4'),
  (1121, '60F.555-010', 'A5'),
  (1122, '60F.555-010', 'A6'),
  (1123, '60F.555-010', 'A7'),
  (1124, '60F.555-010', 'A8'),
  (1125, '60F.555-010', 'A9'),
  (1126, '60F.555-010', 'A10'),
  (1127, '60F.555-010', 'A11'),
  (1128, '60F.555-010', 'A12'),
  (1129, '60F.555-010', 'A13'),
  (1130, '60F.555-010', 'A14'),
  (1131, '60F.555-010', 'A15'),
  (1132, '60F.555-010', 'A16'),
  (1133, '60F.555-010', 'A17'),
  (1134, '60F.555-010', 'A18'),
  (1135, '60F.555-010', 'B1'),
  (1136, '60F.555-010', 'B2'),
  (1137, '60F.555-010', 'B3'),
  (1138, '60F.555-010', 'B4'),
  (1139, '60F.555-010', 'B5'),
  (1140, '60F.555-010', 'B6'),
  (1141, '60F.555-010', 'B7'),
  (1142, '60F.555-010', 'B8'),
  (1143, '60F.555-010', 'B9'),
  (1144, '60F.555-010', 'B10'),
  (1145, '60F.555-010', 'B11'),
  (1146, '60F.555-010', 'B12'),
  (1147, '60F.555-010', 'B13'),
  (1148, '60F.555-010', 'B14'),
  (1149, '60F.555-010', 'B15'),
  (1150, '60F.555-010', 'B16'),
  (1151, '60F.555-010', 'B17'),
  (1152, '60F.555-010', 'B18'),
  (1153, '92F.555-012', 'A1'),
  (1154, '92F.555-012', 'A2'),
  (1155, '92F.555-012', 'A3'),
  (1156, '92F.555-012', 'A4'),
  (1157, '92F.555-012', 'A5'),
  (1158, '92F.555-012', 'A6'),
  (1159, '92F.555-012', 'A7'),
  (1160, '92F.555-012', 'A8'),
  (1161, '92F.555-012', 'A9'),
  (1162, '92F.555-012', 'A10'),
  (1163, '92F.555-012', 'A11'),
  (1164, '92F.555-012', 'A12'),
  (1165, '92F.555-012', 'A13'),
  (1166, '92F.555-012', 'A14'),
  (1167, '92F.555-012', 'A15'),
  (1168, '92F.555-012', 'A16'),
  (1169, '92F.555-012', 'A17'),
  (1170, '92F.555-012', 'A18'),
  (1171, '92F.555-012', 'B1'),
  (1172, '92F.555-012', 'B2'),
  (1173, '92F.555-012', 'B3'),
  (1174, '92F.555-012', 'B4'),
  (1175, '92F.555-012', 'B5'),
  (1176, '92F.555-012', 'B6'),
  (1177, '92F.555-012', 'B7'),
  (1178, '92F.555-012', 'B8'),
  (1179, '92F.555-012', 'B9'),
  (1180, '92F.555-012', 'B10'),
  (1181, '92F.555-012', 'B11'),
  (1182, '92F.555-012', 'B12'),
  (1183, '92F.555-012', 'B13'),
  (1184, '92F.555-012', 'B14'),
  (1185, '92F.555-012', 'B15'),
  (1186, '92F.555-012', 'B16'),
  (1187, '92F.555-012', 'B17'),
  (1188, '92F.555-012', 'B18'),
  (1189, '92F.555-030', 'A1'),
  (1190, '92F.555-030', 'A2'),
  (1191, '92F.555-030', 'A3'),
  (1192, '92F.555-030', 'A4'),
  (1193, '92F.555-030', 'A5'),
  (1194, '92F.555-030', 'A6'),
  (1195, '92F.555-030', 'A7'),
  (1196, '92F.555-030', 'A8'),
  (1197, '92F.555-030', 'A9'),
  (1198, '92F.555-030', 'A10'),
  (1199, '92F.555-030', 'A11'),
  (1200, '92F.555-030', 'A12'),
  (1201, '92F.555-030', 'A13'),
  (1202, '92F.555-030', 'A14'),
  (1203, '92F.555-030', 'A15'),
  (1204, '92F.555-030', 'A16'),
  (1205, '92F.555-030', 'A17'),
  (1206, '92F.555-030', 'A18'),
  (1207, '92F.555-030', 'B1'),
  (1208, '92F.555-030', 'B2'),
  (1209, '92F.555-030', 'B3'),
  (1210, '92F.555-030', 'B4'),
  (1211, '92F.555-030', 'B5'),
  (1212, '92F.555-030', 'B6'),
  (1213, '92F.555-030', 'B7'),
  (1214, '92F.555-030', 'B8'),
  (1215, '92F.555-030', 'B9'),
  (1216, '92F.555-030', 'B10'),
  (1217, '92F.555-030', 'B11'),
  (1218, '92F.555-030', 'B12'),
  (1219, '92F.555-030', 'B13'),
  (1220, '92F.555-030', 'B14'),
  (1221, '92F.555-030', 'B15'),
  (1222, '92F.555-030', 'B16'),
  (1223, '92F.555-030', 'B17'),
  (1224, '92F.555-030', 'B18'),
  (1225, '92F.555-048', 'A1'),
  (1226, '92F.555-048', 'A2'),
  (1227, '92F.555-048', 'A3'),
  (1228, '92F.555-048', 'A4'),
  (1229, '92F.555-048', 'A5'),
  (1230, '92F.555-048', 'A6'),
  (1231, '92F.555-048', 'A7'),
  (1232, '92F.555-048', 'A8'),
  (1233, '92F.555-048', 'A9'),
  (1234, '92F.555-048', 'A10'),
  (1235, '92F.555-048', 'A11'),
  (1236, '92F.555-048', 'A12'),
  (1237, '92F.555-048', 'A13'),
  (1238, '92F.555-048', 'A14'),
  (1239, '92F.555-048', 'A15'),
  (1240, '92F.555-048', 'A16'),
  (1241, '92F.555-048', 'A17'),
  (1242, '92F.555-048', 'A18'),
  (1243, '92F.555-048', 'B1'),
  (1244, '92F.555-048', 'B2'),
  (1245, '92F.555-048', 'B3'),
  (1246, '92F.555-048', 'B4'),
  (1247, '92F.555-048', 'B5'),
  (1248, '92F.555-048', 'B6'),
  (1249, '92F.555-048', 'B7'),
  (1250, '92F.555-048', 'B8'),
  (1251, '92F.555-048', 'B9'),
  (1252, '92F.555-048', 'B10'),
  (1253, '92F.555-048', 'B11'),
  (1254, '92F.555-048', 'B12'),
  (1255, '92F.555-048', 'B13'),
  (1256, '92F.555-048', 'B14'),
  (1257, '92F.555-048', 'B15'),
  (1258, '92F.555-048', 'B16'),
  (1259, '92F.555-048', 'B17'),
  (1260, '92F.555-048', 'B18'),
  (1261, '92F.555-066', 'A1'),
  (1262, '92F.555-066', 'A2'),
  (1263, '92F.555-066', 'A3'),
  (1264, '92F.555-066', 'A4'),
  (1265, '92F.555-066', 'A5'),
  (1266, '92F.555-066', 'A6'),
  (1267, '92F.555-066', 'A7'),
  (1268, '92F.555-066', 'A8'),
  (1269, '92F.555-066', 'A9'),
  (1270, '92F.555-066', 'A10'),
  (1271, '92F.555-066', 'A11'),
  (1272, '92F.555-066', 'A12'),
  (1273, '92F.555-066', 'A13'),
  (1274, '92F.555-066', 'A14'),
  (1275, '92F.555-066', 'A15'),
  (1276, '92F.555-066', 'A16'),
  (1277, '92F.555-066', 'A17'),
  (1278, '92F.555-066', 'A18'),
  (1279, '92F.555-066', 'B1'),
  (1280, '92F.555-066', 'B2'),
  (1281, '92F.555-066', 'B3'),
  (1282, '92F.555-066', 'B4'),
  (1283, '92F.555-066', 'B5'),
  (1284, '92F.555-066', 'B6'),
  (1285, '92F.555-066', 'B7'),
  (1286, '92F.555-066', 'B8'),
  (1287, '92F.555-066', 'B9'),
  (1288, '92F.555-066', 'B10'),
  (1289, '92F.555-066', 'B11'),
  (1290, '92F.555-066', 'B12'),
  (1291, '92F.555-066', 'B13'),
  (1292, '92F.555-066', 'B14'),
  (1293, '92F.555-066', 'B15'),
  (1294, '92F.555-066', 'B16'),
  (1295, '92F.555-066', 'B17'),
  (1296, '92F.555-066', 'B18'),
  (1297, '92F.666-021', 'A1'),
  (1298, '92F.666-021', 'A2'),
  (1299, '92F.666-021', 'A3'),
  (1300, '92F.666-021', 'A4'),
  (1301, '92F.666-021', 'A5'),
  (1302, '92F.666-021', 'A6'),
  (1303, '92F.666-021', 'A7'),
  (1304, '92F.666-021', 'A8'),
  (1305, '92F.666-021', 'A9'),
  (1306, '92F.666-021', 'A10'),
  (1307, '92F.666-021', 'A11'),
  (1308, '92F.666-021', 'A12'),
  (1309, '92F.666-021', 'A13'),
  (1310, '92F.666-021', 'A14'),
  (1311, '92F.666-021', 'A15'),
  (1312, '92F.666-021', 'A16'),
  (1313, '92F.666-021', 'A17'),
  (1314, '92F.666-021', 'A18'),
  (1315, '92F.666-021', 'B1'),
  (1316, '92F.666-021', 'B2'),
  (1317, '92F.666-021', 'B3'),
  (1318, '92F.666-021', 'B4'),
  (1319, '92F.666-021', 'B5'),
  (1320, '92F.666-021', 'B6'),
  (1321, '92F.666-021', 'B7'),
  (1322, '92F.666-021', 'B8'),
  (1323, '92F.666-021', 'B9'),
  (1324, '92F.666-021', 'B10'),
  (1325, '92F.666-021', 'B11'),
  (1326, '92F.666-021', 'B12'),
  (1327, '92F.666-021', 'B13'),
  (1328, '92F.666-021', 'B14'),
  (1329, '92F.666-021', 'B15'),
  (1330, '92F.666-021', 'B16'),
  (1331, '92F.666-021', 'B17'),
  (1332, '92F.666-021', 'B18'),
  (1333, '92F.666-039', 'A1'),
  (1334, '92F.666-039', 'A2'),
  (1335, '92F.666-039', 'A3'),
  (1336, '92F.666-039', 'A4'),
  (1337, '92F.666-039', 'A5'),
  (1338, '92F.666-039', 'A6'),
  (1339, '92F.666-039', 'A7'),
  (1340, '92F.666-039', 'A8'),
  (1341, '92F.666-039', 'A9'),
  (1342, '92F.666-039', 'A10'),
  (1343, '92F.666-039', 'A11'),
  (1344, '92F.666-039', 'A12'),
  (1345, '92F.666-039', 'A13'),
  (1346, '92F.666-039', 'A14'),
  (1347, '92F.666-039', 'A15'),
  (1348, '92F.666-039', 'A16'),
  (1349, '92F.666-039', 'A17'),
  (1350, '92F.666-039', 'A18'),
  (1351, '92F.666-039', 'B1'),
  (1352, '92F.666-039', 'B2'),
  (1353, '92F.666-039', 'B3'),
  (1354, '92F.666-039', 'B4'),
  (1355, '92F.666-039', 'B5'),
  (1356, '92F.666-039', 'B6'),
  (1357, '92F.666-039', 'B7'),
  (1358, '92F.666-039', 'B8'),
  (1359, '92F.666-039', 'B9'),
  (1360, '92F.666-039', 'B10'),
  (1361, '92F.666-039', 'B11'),
  (1362, '92F.666-039', 'B12'),
  (1363, '92F.666-039', 'B13'),
  (1364, '92F.666-039', 'B14'),
  (1365, '92F.666-039', 'B15'),
  (1366, '92F.666-039', 'B16'),
  (1367, '92F.666-039', 'B17'),
  (1368, '92F.666-039', 'B18'),
  (1369, '92F.666-057', 'A1'),
  (1370, '92F.666-057', 'A2'),
  (1371, '92F.666-057', 'A3'),
  (1372, '92F.666-057', 'A4'),
  (1373, '92F.666-057', 'A5'),
  (1374, '92F.666-057', 'A6'),
  (1375, '92F.666-057', 'A7'),
  (1376, '92F.666-057', 'A8'),
  (1377, '92F.666-057', 'A9'),
  (1378, '92F.666-057', 'A10'),
  (1379, '92F.666-057', 'A11'),
  (1380, '92F.666-057', 'A12'),
  (1381, '92F.666-057', 'A13'),
  (1382, '92F.666-057', 'A14'),
  (1383, '92F.666-057', 'A15'),
  (1384, '92F.666-057', 'A16'),
  (1385, '92F.666-057', 'A17'),
  (1386, '92F.666-057', 'A18'),
  (1387, '92F.666-057', 'B1'),
  (1388, '92F.666-057', 'B2'),
  (1389, '92F.666-057', 'B3'),
  (1390, '92F.666-057', 'B4'),
  (1391, '92F.666-057', 'B5'),
  (1392, '92F.666-057', 'B6'),
  (1393, '92F.666-057', 'B7'),
  (1394, '92F.666-057', 'B8'),
  (1395, '92F.666-057', 'B9'),
  (1396, '92F.666-057', 'B10'),
  (1397, '92F.666-057', 'B11'),
  (1398, '92F.666-057', 'B12'),
  (1399, '92F.666-057', 'B13'),
  (1400, '92F.666-057', 'B14'),
  (1401, '92F.666-057', 'B15'),
  (1402, '92F.666-057', 'B16'),
  (1403, '92F.666-057', 'B17'),
  (1404, '92F.666-057', 'B18'),
  (1405, '92F.666-075', 'A1'),
  (1406, '92F.666-075', 'A2'),
  (1407, '92F.666-075', 'A3'),
  (1408, '92F.666-075', 'A4'),
  (1409, '92F.666-075', 'A5'),
  (1410, '92F.666-075', 'A6'),
  (1411, '92F.666-075', 'A7'),
  (1412, '92F.666-075', 'A8'),
  (1413, '92F.666-075', 'A9'),
  (1414, '92F.666-075', 'A10'),
  (1415, '92F.666-075', 'A11'),
  (1416, '92F.666-075', 'A12'),
  (1417, '92F.666-075', 'A13'),
  (1418, '92F.666-075', 'A14'),
  (1419, '92F.666-075', 'A15'),
  (1420, '92F.666-075', 'A16'),
  (1421, '92F.666-075', 'A17'),
  (1422, '92F.666-075', 'A18'),
  (1423, '92F.666-075', 'B1'),
  (1424, '92F.666-075', 'B2'),
  (1425, '92F.666-075', 'B3'),
  (1426, '92F.666-075', 'B4'),
  (1427, '92F.666-075', 'B5'),
  (1428, '92F.666-075', 'B6'),
  (1429, '92F.666-075', 'B7'),
  (1430, '92F.666-075', 'B8'),
  (1431, '92F.666-075', 'B9'),
  (1432, '92F.666-075', 'B10'),
  (1433, '92F.666-075', 'B11'),
  (1434, '92F.666-075', 'B12'),
  (1435, '92F.666-075', 'B13'),
  (1436, '92F.666-075', 'B14'),
  (1437, '92F.666-075', 'B15'),
  (1438, '92F.666-075', 'B16'),
  (1439, '92F.666-075', 'B17'),
  (1440, '92F.666-075', 'B18'),
  (1441, '29F.555-002', 'A1'),
  (1442, '29F.555-002', 'A2'),
  (1443, '29F.555-002', 'A3'),
  (1444, '29F.555-002', 'A4'),
  (1445, '29F.555-002', 'A5'),
  (1446, '29F.555-002', 'A6'),
  (1447, '29F.555-002', 'A7'),
  (1448, '29F.555-002', 'A8'),
  (1449, '29F.555-002', 'A9'),
  (1450, '29F.555-002', 'A10'),
  (1451, '29F.555-002', 'A11'),
  (1452, '29F.555-002', 'A12'),
  (1453, '29F.555-002', 'A13'),
  (1454, '29F.555-002', 'A14'),
  (1455, '29F.555-002', 'A15'),
  (1456, '29F.555-002', 'A16'),
  (1457, '29F.555-002', 'A17'),
  (1458, '29F.555-002', 'B1'),
  (1459, '29F.555-002', 'B2'),
  (1460, '29F.555-002', 'B3'),
  (1461, '29F.555-002', 'B4'),
  (1462, '29F.555-002', 'B5'),
  (1463, '29F.555-002', 'B6'),
  (1464, '29F.555-002', 'B7'),
  (1465, '29F.555-002', 'B8'),
  (1466, '29F.555-002', 'B9'),
  (1467, '29F.555-002', 'B10'),
  (1468, '29F.555-002', 'B11'),
  (1469, '29F.555-002', 'B12'),
  (1470, '29F.555-002', 'B13'),
  (1471, '29F.555-002', 'B14'),
  (1472, '29F.555-002', 'B15'),
  (1473, '29F.555-002', 'B16'),
  (1474, '29F.555-002', 'B17'),
  (1475, '30F.555-004', 'A1'),
  (1476, '30F.555-004', 'A2'),
  (1477, '30F.555-004', 'A3'),
  (1478, '30F.555-004', 'A4'),
  (1479, '30F.555-004', 'A5'),
  (1480, '30F.555-004', 'A6'),
  (1481, '30F.555-004', 'A7'),
  (1482, '30F.555-004', 'A8'),
  (1483, '30F.555-004', 'A9'),
  (1484, '30F.555-004', 'A10'),
  (1485, '30F.555-004', 'A11'),
  (1486, '30F.555-004', 'A12'),
  (1487, '30F.555-004', 'A13'),
  (1488, '30F.555-004', 'A14'),
  (1489, '30F.555-004', 'A15'),
  (1490, '30F.555-004', 'A16'),
  (1491, '30F.555-004', 'A17'),
  (1492, '30F.555-004', 'B1'),
  (1493, '30F.555-004', 'B2'),
  (1494, '30F.555-004', 'B3'),
  (1495, '30F.555-004', 'B4'),
  (1496, '30F.555-004', 'B5'),
  (1497, '30F.555-004', 'B6'),
  (1498, '30F.555-004', 'B7'),
  (1499, '30F.555-004', 'B8'),
  (1500, '30F.555-004', 'B9'),
  (1501, '30F.555-004', 'B10'),
  (1502, '30F.555-004', 'B11'),
  (1503, '30F.555-004', 'B12'),
  (1504, '30F.555-004', 'B13'),
  (1505, '30F.555-004', 'B14'),
  (1506, '30F.555-004', 'B15'),
  (1507, '30F.555-004', 'B16'),
  (1508, '30F.555-004', 'B17'),
  (1509, '30F.555-028', 'A1'),
  (1510, '30F.555-028', 'A2'),
  (1511, '30F.555-028', 'A3'),
  (1512, '30F.555-028', 'A4'),
  (1513, '30F.555-028', 'A5'),
  (1514, '30F.555-028', 'A6'),
  (1515, '30F.555-028', 'A7'),
  (1516, '30F.555-028', 'A8'),
  (1517, '30F.555-028', 'A9'),
  (1518, '30F.555-028', 'A10'),
  (1519, '30F.555-028', 'A11'),
  (1520, '30F.555-028', 'A12'),
  (1521, '30F.555-028', 'A13'),
  (1522, '30F.555-028', 'A14'),
  (1523, '30F.555-028', 'A15'),
  (1524, '30F.555-028', 'A16'),
  (1525, '30F.555-028', 'A17'),
  (1526, '30F.555-028', 'A18'),
  (1527, '30F.555-028', 'A19'),
  (1528, '30F.555-028', 'A20'),
  (1529, '30F.555-028', 'A21'),
  (1530, '30F.555-028', 'A22'),
  (1531, '30F.555-028', 'A23'),
  (1532, '30F.555-028', 'B1'),
  (1533, '30F.555-028', 'B2'),
  (1534, '30F.555-028', 'B3'),
  (1535, '30F.555-028', 'B4'),
  (1536, '30F.555-028', 'B5'),
  (1537, '30F.555-028', 'B6'),
  (1538, '30F.555-028', 'B7'),
  (1539, '30F.555-028', 'B8'),
  (1540, '30F.555-028', 'B9'),
  (1541, '30F.555-028', 'B10'),
  (1542, '30F.555-028', 'B11'),
  (1543, '30F.555-028', 'B12'),
  (1544, '30F.555-028', 'B13'),
  (1545, '30F.555-028', 'B14'),
  (1546, '30F.555-028', 'B15'),
  (1547, '30F.555-028', 'B16'),
  (1548, '30F.555-028', 'B17'),
  (1549, '30F.555-028', 'B18'),
  (1550, '30F.555-028', 'B19'),
  (1551, '30F.555-028', 'B20'),
  (1552, '30F.555-028', 'B21'),
  (1553, '30F.555-028', 'B22'),
  (1554, '30F.555-046', 'A1'),
  (1555, '30F.555-046', 'A2'),
  (1556, '30F.555-046', 'A3'),
  (1557, '30F.555-046', 'A4'),
  (1558, '30F.555-046', 'A5'),
  (1559, '30F.555-046', 'A6'),
  (1560, '30F.555-046', 'A7'),
  (1561, '30F.555-046', 'A8'),
  (1562, '30F.555-046', 'A9'),
  (1563, '30F.555-046', 'A10'),
  (1564, '30F.555-046', 'A11'),
  (1565, '30F.555-046', 'A12'),
  (1566, '30F.555-046', 'A13'),
  (1567, '30F.555-046', 'A14'),
  (1568, '30F.555-046', 'A15'),
  (1569, '30F.555-046', 'A16'),
  (1570, '30F.555-046', 'A17'),
  (1571, '30F.555-046', 'A18'),
  (1572, '30F.555-046', 'A19'),
  (1573, '30F.555-046', 'A20'),
  (1574, '30F.555-046', 'A21'),
  (1575, '30F.555-046', 'A22'),
  (1576, '30F.555-046', 'A23'),
  (1577, '30F.555-046', 'B1'),
  (1578, '30F.555-046', 'B2'),
  (1579, '30F.555-046', 'B3'),
  (1580, '30F.555-046', 'B4'),
  (1581, '30F.555-046', 'B5'),
  (1582, '30F.555-046', 'B6'),
  (1583, '30F.555-046', 'B7'),
  (1584, '30F.555-046', 'B8'),
  (1585, '30F.555-046', 'B9'),
  (1586, '30F.555-046', 'B10'),
  (1587, '30F.555-046', 'B11'),
  (1588, '30F.555-046', 'B12'),
  (1589, '30F.555-046', 'B13'),
  (1590, '30F.555-046', 'B14'),
  (1591, '30F.555-046', 'B15'),
  (1592, '30F.555-046', 'B16'),
  (1593, '30F.555-046', 'B17'),
  (1594, '30F.555-046', 'B18'),
  (1595, '30F.555-046', 'B19'),
  (1596, '30F.555-046', 'B20'),
  (1597, '30F.555-046', 'B21'),
  (1598, '30F.555-046', 'B22'),
  (1599, '30F.555-064', 'A1'),
  (1600, '30F.555-064', 'A2'),
  (1601, '30F.555-064', 'A3'),
  (1602, '30F.555-064', 'A4'),
  (1603, '30F.555-064', 'A5'),
  (1604, '30F.555-064', 'A6'),
  (1605, '30F.555-064', 'A7'),
  (1606, '30F.555-064', 'A8'),
  (1607, '30F.555-064', 'A9'),
  (1608, '30F.555-064', 'A10'),
  (1609, '30F.555-064', 'A11'),
  (1610, '30F.555-064', 'A12'),
  (1611, '30F.555-064', 'A13'),
  (1612, '30F.555-064', 'A14'),
  (1613, '30F.555-064', 'A15'),
  (1614, '30F.555-064', 'A16'),
  (1615, '30F.555-064', 'A17'),
  (1616, '30F.555-064', 'A18'),
  (1617, '30F.555-064', 'A19'),
  (1618, '30F.555-064', 'A20'),
  (1619, '30F.555-064', 'A21'),
  (1620, '30F.555-064', 'A22'),
  (1621, '30F.555-064', 'A23'),
  (1622, '30F.555-064', 'B1'),
  (1623, '30F.555-064', 'B2'),
  (1624, '30F.555-064', 'B3'),
  (1625, '30F.555-064', 'B4'),
  (1626, '30F.555-064', 'B5'),
  (1627, '30F.555-064', 'B6'),
  (1628, '30F.555-064', 'B7'),
  (1629, '30F.555-064', 'B8'),
  (1630, '30F.555-064', 'B9'),
  (1631, '30F.555-064', 'B10'),
  (1632, '30F.555-064', 'B11'),
  (1633, '30F.555-064', 'B12'),
  (1634, '30F.555-064', 'B13'),
  (1635, '30F.555-064', 'B14'),
  (1636, '30F.555-064', 'B15'),
  (1637, '30F.555-064', 'B16'),
  (1638, '30F.555-064', 'B17'),
  (1639, '30F.555-064', 'B18'),
  (1640, '30F.555-064', 'B19'),
  (1641, '30F.555-064', 'B20'),
  (1642, '30F.555-064', 'B21'),
  (1643, '30F.555-064', 'B22'),
  (1644, '30F.666-019', 'A1'),
  (1645, '30F.666-019', 'A2'),
  (1646, '30F.666-019', 'A3'),
  (1647, '30F.666-019', 'A4'),
  (1648, '30F.666-019', 'A5'),
  (1649, '30F.666-019', 'A6'),
  (1650, '30F.666-019', 'A7'),
  (1651, '30F.666-019', 'A8'),
  (1652, '30F.666-019', 'A9'),
  (1653, '30F.666-019', 'A10'),
  (1654, '30F.666-019', 'A11'),
  (1655, '30F.666-019', 'A12'),
  (1656, '30F.666-019', 'A13'),
  (1657, '30F.666-019', 'A14'),
  (1658, '30F.666-019', 'A15'),
  (1659, '30F.666-019', 'A16'),
  (1660, '30F.666-019', 'A17'),
  (1661, '30F.666-019', 'B1'),
  (1662, '30F.666-019', 'B2'),
  (1663, '30F.666-019', 'B3'),
  (1664, '30F.666-019', 'B4'),
  (1665, '30F.666-019', 'B5'),
  (1666, '30F.666-019', 'B6'),
  (1667, '30F.666-019', 'B7'),
  (1668, '30F.666-019', 'B8'),
  (1669, '30F.666-019', 'B9'),
  (1670, '30F.666-019', 'B10'),
  (1671, '30F.666-019', 'B11'),
  (1672, '30F.666-019', 'B12'),
  (1673, '30F.666-019', 'B13'),
  (1674, '30F.666-019', 'B14'),
  (1675, '30F.666-019', 'B15'),
  (1676, '30F.666-019', 'B16'),
  (1677, '30F.666-019', 'B17'),
  (1678, '30F.666-037', 'A1'),
  (1679, '30F.666-037', 'A2'),
  (1680, '30F.666-037', 'A3'),
  (1681, '30F.666-037', 'A4'),
  (1682, '30F.666-037', 'A5'),
  (1683, '30F.666-037', 'A6'),
  (1684, '30F.666-037', 'A7'),
  (1685, '30F.666-037', 'A8'),
  (1686, '30F.666-037', 'A9'),
  (1687, '30F.666-037', 'A10'),
  (1688, '30F.666-037', 'A11'),
  (1689, '30F.666-037', 'A12'),
  (1690, '30F.666-037', 'A13'),
  (1691, '30F.666-037', 'A14'),
  (1692, '30F.666-037', 'A15'),
  (1693, '30F.666-037', 'A16'),
  (1694, '30F.666-037', 'A17'),
  (1695, '30F.666-037', 'B1'),
  (1696, '30F.666-037', 'B2'),
  (1697, '30F.666-037', 'B3'),
  (1698, '30F.666-037', 'B4'),
  (1699, '30F.666-037', 'B5'),
  (1700, '30F.666-037', 'B6'),
  (1701, '30F.666-037', 'B7'),
  (1702, '30F.666-037', 'B8'),
  (1703, '30F.666-037', 'B9'),
  (1704, '30F.666-037', 'B10'),
  (1705, '30F.666-037', 'B11'),
  (1706, '30F.666-037', 'B12'),
  (1707, '30F.666-037', 'B13'),
  (1708, '30F.666-037', 'B14'),
  (1709, '30F.666-037', 'B15'),
  (1710, '30F.666-037', 'B16'),
  (1711, '30F.666-037', 'B17'),
  (1712, '30F.666-055', 'A1'),
  (1713, '30F.666-055', 'A2'),
  (1714, '30F.666-055', 'A3'),
  (1715, '30F.666-055', 'A4'),
  (1716, '30F.666-055', 'A5'),
  (1717, '30F.666-055', 'A6'),
  (1718, '30F.666-055', 'A7'),
  (1719, '30F.666-055', 'A8'),
  (1720, '30F.666-055', 'A9'),
  (1721, '30F.666-055', 'A10'),
  (1722, '30F.666-055', 'A11'),
  (1723, '30F.666-055', 'A12'),
  (1724, '30F.666-055', 'A13'),
  (1725, '30F.666-055', 'A14'),
  (1726, '30F.666-055', 'A15'),
  (1727, '30F.666-055', 'A16'),
  (1728, '30F.666-055', 'A17'),
  (1729, '30F.666-055', 'B1'),
  (1730, '30F.666-055', 'B2'),
  (1731, '30F.666-055', 'B3'),
  (1732, '30F.666-055', 'B4'),
  (1733, '30F.666-055', 'B5'),
  (1734, '30F.666-055', 'B6'),
  (1735, '30F.666-055', 'B7'),
  (1736, '30F.666-055', 'B8'),
  (1737, '30F.666-055', 'B9'),
  (1738, '30F.666-055', 'B10'),
  (1739, '30F.666-055', 'B11'),
  (1740, '30F.666-055', 'B12'),
  (1741, '30F.666-055', 'B13'),
  (1742, '30F.666-055', 'B14'),
  (1743, '30F.666-055', 'B15'),
  (1744, '30F.666-055', 'B16'),
  (1745, '30F.666-055', 'B17'),
  (1746, '30F.666-073', 'A1'),
  (1747, '30F.666-073', 'A2'),
  (1748, '30F.666-073', 'A3'),
  (1749, '30F.666-073', 'A4'),
  (1750, '30F.666-073', 'A5'),
  (1751, '30F.666-073', 'A6'),
  (1752, '30F.666-073', 'A7'),
  (1753, '30F.666-073', 'A8'),
  (1754, '30F.666-073', 'A9'),
  (1755, '30F.666-073', 'A10'),
  (1756, '30F.666-073', 'A11'),
  (1757, '30F.666-073', 'A12'),
  (1758, '30F.666-073', 'A13'),
  (1759, '30F.666-073', 'A14'),
  (1760, '30F.666-073', 'A15'),
  (1761, '30F.666-073', 'A16'),
  (1762, '30F.666-073', 'A17'),
  (1763, '30F.666-073', 'B1'),
  (1764, '30F.666-073', 'B2'),
  (1765, '30F.666-073', 'B3'),
  (1766, '30F.666-073', 'B4'),
  (1767, '30F.666-073', 'B5'),
  (1768, '30F.666-073', 'B6'),
  (1769, '30F.666-073', 'B7'),
  (1770, '30F.666-073', 'B8'),
  (1771, '30F.666-073', 'B9'),
  (1772, '30F.666-073', 'B10'),
  (1773, '30F.666-073', 'B11'),
  (1774, '30F.666-073', 'B12'),
  (1775, '30F.666-073', 'B13'),
  (1776, '30F.666-073', 'B14'),
  (1777, '30F.666-073', 'B15'),
  (1778, '30F.666-073', 'B16'),
  (1779, '30F.666-073', 'B17'),
  (1780, '43F.555-022', 'A1'),
  (1781, '43F.555-022', 'A2'),
  (1782, '43F.555-022', 'A3'),
  (1783, '43F.555-022', 'A4'),
  (1784, '43F.555-022', 'A5'),
  (1785, '43F.555-022', 'A6'),
  (1786, '43F.555-022', 'A7'),
  (1787, '43F.555-022', 'A8'),
  (1788, '43F.555-022', 'A9'),
  (1789, '43F.555-022', 'A10'),
  (1790, '43F.555-022', 'A11'),
  (1791, '43F.555-022', 'A12'),
  (1792, '43F.555-022', 'A13'),
  (1793, '43F.555-022', 'A14'),
  (1794, '43F.555-022', 'A15'),
  (1795, '43F.555-022', 'A16'),
  (1796, '43F.555-022', 'A17'),
  (1797, '43F.555-022', 'B1'),
  (1798, '43F.555-022', 'B2'),
  (1799, '43F.555-022', 'B3'),
  (1800, '43F.555-022', 'B4'),
  (1801, '43F.555-022', 'B5'),
  (1802, '43F.555-022', 'B6'),
  (1803, '43F.555-022', 'B7'),
  (1804, '43F.555-022', 'B8'),
  (1805, '43F.555-022', 'B9'),
  (1806, '43F.555-022', 'B10'),
  (1807, '43F.555-022', 'B11'),
  (1808, '43F.555-022', 'B12'),
  (1809, '43F.555-022', 'B13'),
  (1810, '43F.555-022', 'B14'),
  (1811, '43F.555-022', 'B15'),
  (1812, '43F.555-022', 'B16'),
  (1813, '43F.555-022', 'B17'),
  (1814, '43F.555-040', 'A1'),
  (1815, '43F.555-040', 'A2'),
  (1816, '43F.555-040', 'A3'),
  (1817, '43F.555-040', 'A4'),
  (1818, '43F.555-040', 'A5'),
  (1819, '43F.555-040', 'A6'),
  (1820, '43F.555-040', 'A7'),
  (1821, '43F.555-040', 'A8'),
  (1822, '43F.555-040', 'A9'),
  (1823, '43F.555-040', 'A10'),
  (1824, '43F.555-040', 'A11'),
  (1825, '43F.555-040', 'A12'),
  (1826, '43F.555-040', 'A13'),
  (1827, '43F.555-040', 'A14'),
  (1828, '43F.555-040', 'A15'),
  (1829, '43F.555-040', 'A16'),
  (1830, '43F.555-040', 'A17'),
  (1831, '43F.555-040', 'B1'),
  (1832, '43F.555-040', 'B2'),
  (1833, '43F.555-040', 'B3'),
  (1834, '43F.555-040', 'B4'),
  (1835, '43F.555-040', 'B5'),
  (1836, '43F.555-040', 'B6'),
  (1837, '43F.555-040', 'B7'),
  (1838, '43F.555-040', 'B8'),
  (1839, '43F.555-040', 'B9'),
  (1840, '43F.555-040', 'B10'),
  (1841, '43F.555-040', 'B11'),
  (1842, '43F.555-040', 'B12'),
  (1843, '43F.555-040', 'B13'),
  (1844, '43F.555-040', 'B14'),
  (1845, '43F.555-040', 'B15'),
  (1846, '43F.555-040', 'B16'),
  (1847, '43F.555-040', 'B17'),
  (1848, '43F.555-058', 'A1'),
  (1849, '43F.555-058', 'A2'),
  (1850, '43F.555-058', 'A3'),
  (1851, '43F.555-058', 'A4'),
  (1852, '43F.555-058', 'A5'),
  (1853, '43F.555-058', 'A6'),
  (1854, '43F.555-058', 'A7'),
  (1855, '43F.555-058', 'A8'),
  (1856, '43F.555-058', 'A9');

INSERT INTO
  `bus_seats` (`id`, `bus_id`, `seat_name`)
VALUES
  (1857, '43F.555-058', 'A10'),
  (1858, '43F.555-058', 'A11'),
  (1859, '43F.555-058', 'A12'),
  (1860, '43F.555-058', 'A13'),
  (1861, '43F.555-058', 'A14'),
  (1862, '43F.555-058', 'A15'),
  (1863, '43F.555-058', 'A16'),
  (1864, '43F.555-058', 'A17'),
  (1865, '43F.555-058', 'B1'),
  (1866, '43F.555-058', 'B2'),
  (1867, '43F.555-058', 'B3'),
  (1868, '43F.555-058', 'B4'),
  (1869, '43F.555-058', 'B5'),
  (1870, '43F.555-058', 'B6'),
  (1871, '43F.555-058', 'B7'),
  (1872, '43F.555-058', 'B8'),
  (1873, '43F.555-058', 'B9'),
  (1874, '43F.555-058', 'B10'),
  (1875, '43F.555-058', 'B11'),
  (1876, '43F.555-058', 'B12'),
  (1877, '43F.555-058', 'B13'),
  (1878, '43F.555-058', 'B14'),
  (1879, '43F.555-058', 'B15'),
  (1880, '43F.555-058', 'B16'),
  (1881, '43F.555-058', 'B17'),
  (1882, '43F.555-076', 'A1'),
  (1883, '43F.555-076', 'A2'),
  (1884, '43F.555-076', 'A3'),
  (1885, '43F.555-076', 'A4'),
  (1886, '43F.555-076', 'A5'),
  (1887, '43F.555-076', 'A6'),
  (1888, '43F.555-076', 'A7'),
  (1889, '43F.555-076', 'A8'),
  (1890, '43F.555-076', 'A9'),
  (1891, '43F.555-076', 'A10'),
  (1892, '43F.555-076', 'A11'),
  (1893, '43F.555-076', 'A12'),
  (1894, '43F.555-076', 'A13'),
  (1895, '43F.555-076', 'A14'),
  (1896, '43F.555-076', 'A15'),
  (1897, '43F.555-076', 'A16'),
  (1898, '43F.555-076', 'A17'),
  (1899, '43F.555-076', 'B1'),
  (1900, '43F.555-076', 'B2'),
  (1901, '43F.555-076', 'B3'),
  (1902, '43F.555-076', 'B4'),
  (1903, '43F.555-076', 'B5'),
  (1904, '43F.555-076', 'B6'),
  (1905, '43F.555-076', 'B7'),
  (1906, '43F.555-076', 'B8'),
  (1907, '43F.555-076', 'B9'),
  (1908, '43F.555-076', 'B10'),
  (1909, '43F.555-076', 'B11'),
  (1910, '43F.555-076', 'B12'),
  (1911, '43F.555-076', 'B13'),
  (1912, '43F.555-076', 'B14'),
  (1913, '43F.555-076', 'B15'),
  (1914, '43F.555-076', 'B16'),
  (1915, '43F.555-076', 'B17'),
  (1916, '43F.666-013', 'A1'),
  (1917, '43F.666-013', 'A2'),
  (1918, '43F.666-013', 'A3'),
  (1919, '43F.666-013', 'A4'),
  (1920, '43F.666-013', 'A5'),
  (1921, '43F.666-013', 'A6'),
  (1922, '43F.666-013', 'A7'),
  (1923, '43F.666-013', 'A8'),
  (1924, '43F.666-013', 'A9'),
  (1925, '43F.666-013', 'A10'),
  (1926, '43F.666-013', 'A11'),
  (1927, '43F.666-013', 'A12'),
  (1928, '43F.666-013', 'A13'),
  (1929, '43F.666-013', 'A14'),
  (1930, '43F.666-013', 'A15'),
  (1931, '43F.666-013', 'A16'),
  (1932, '43F.666-013', 'A17'),
  (1933, '43F.666-013', 'B1'),
  (1934, '43F.666-013', 'B2'),
  (1935, '43F.666-013', 'B3'),
  (1936, '43F.666-013', 'B4'),
  (1937, '43F.666-013', 'B5'),
  (1938, '43F.666-013', 'B6'),
  (1939, '43F.666-013', 'B7'),
  (1940, '43F.666-013', 'B8'),
  (1941, '43F.666-013', 'B9'),
  (1942, '43F.666-013', 'B10'),
  (1943, '43F.666-013', 'B11'),
  (1944, '43F.666-013', 'B12'),
  (1945, '43F.666-013', 'B13'),
  (1946, '43F.666-013', 'B14'),
  (1947, '43F.666-013', 'B15'),
  (1948, '43F.666-013', 'B16'),
  (1949, '43F.666-013', 'B17'),
  (1950, '43F.666-031', 'A1'),
  (1951, '43F.666-031', 'A2'),
  (1952, '43F.666-031', 'A3'),
  (1953, '43F.666-031', 'A4'),
  (1954, '43F.666-031', 'A5'),
  (1955, '43F.666-031', 'A6'),
  (1956, '43F.666-031', 'A7'),
  (1957, '43F.666-031', 'A8'),
  (1958, '43F.666-031', 'A9'),
  (1959, '43F.666-031', 'A10'),
  (1960, '43F.666-031', 'A11'),
  (1961, '43F.666-031', 'A12'),
  (1962, '43F.666-031', 'A13'),
  (1963, '43F.666-031', 'A14'),
  (1964, '43F.666-031', 'A15'),
  (1965, '43F.666-031', 'A16'),
  (1966, '43F.666-031', 'A17'),
  (1967, '43F.666-031', 'B1'),
  (1968, '43F.666-031', 'B2'),
  (1969, '43F.666-031', 'B3'),
  (1970, '43F.666-031', 'B4'),
  (1971, '43F.666-031', 'B5'),
  (1972, '43F.666-031', 'B6'),
  (1973, '43F.666-031', 'B7'),
  (1974, '43F.666-031', 'B8'),
  (1975, '43F.666-031', 'B9'),
  (1976, '43F.666-031', 'B10'),
  (1977, '43F.666-031', 'B11'),
  (1978, '43F.666-031', 'B12'),
  (1979, '43F.666-031', 'B13'),
  (1980, '43F.666-031', 'B14'),
  (1981, '43F.666-031', 'B15'),
  (1982, '43F.666-031', 'B16'),
  (1983, '43F.666-031', 'B17'),
  (1984, '43F.666-049', 'A1'),
  (1985, '43F.666-049', 'A2'),
  (1986, '43F.666-049', 'A3'),
  (1987, '43F.666-049', 'A4'),
  (1988, '43F.666-049', 'A5'),
  (1989, '43F.666-049', 'A6'),
  (1990, '43F.666-049', 'A7'),
  (1991, '43F.666-049', 'A8'),
  (1992, '43F.666-049', 'A9'),
  (1993, '43F.666-049', 'A10'),
  (1994, '43F.666-049', 'A11'),
  (1995, '43F.666-049', 'A12'),
  (1996, '43F.666-049', 'A13'),
  (1997, '43F.666-049', 'A14'),
  (1998, '43F.666-049', 'A15'),
  (1999, '43F.666-049', 'A16'),
  (2000, '43F.666-049', 'A17'),
  (2001, '43F.666-049', 'B1'),
  (2002, '43F.666-049', 'B2'),
  (2003, '43F.666-049', 'B3'),
  (2004, '43F.666-049', 'B4'),
  (2005, '43F.666-049', 'B5'),
  (2006, '43F.666-049', 'B6'),
  (2007, '43F.666-049', 'B7'),
  (2008, '43F.666-049', 'B8'),
  (2009, '43F.666-049', 'B9'),
  (2010, '43F.666-049', 'B10'),
  (2011, '43F.666-049', 'B11'),
  (2012, '43F.666-049', 'B12'),
  (2013, '43F.666-049', 'B13'),
  (2014, '43F.666-049', 'B14'),
  (2015, '43F.666-049', 'B15'),
  (2016, '43F.666-049', 'B16'),
  (2017, '43F.666-049', 'B17'),
  (2018, '43F.666-067', 'A1'),
  (2019, '43F.666-067', 'A2'),
  (2020, '43F.666-067', 'A3'),
  (2021, '43F.666-067', 'A4'),
  (2022, '43F.666-067', 'A5'),
  (2023, '43F.666-067', 'A6'),
  (2024, '43F.666-067', 'A7'),
  (2025, '43F.666-067', 'A8'),
  (2026, '43F.666-067', 'A9'),
  (2027, '43F.666-067', 'A10'),
  (2028, '43F.666-067', 'A11'),
  (2029, '43F.666-067', 'A12'),
  (2030, '43F.666-067', 'A13'),
  (2031, '43F.666-067', 'A14'),
  (2032, '43F.666-067', 'A15'),
  (2033, '43F.666-067', 'A16'),
  (2034, '43F.666-067', 'A17'),
  (2035, '43F.666-067', 'B1'),
  (2036, '43F.666-067', 'B2'),
  (2037, '43F.666-067', 'B3'),
  (2038, '43F.666-067', 'B4'),
  (2039, '43F.666-067', 'B5'),
  (2040, '43F.666-067', 'B6'),
  (2041, '43F.666-067', 'B7'),
  (2042, '43F.666-067', 'B8'),
  (2043, '43F.666-067', 'B9'),
  (2044, '43F.666-067', 'B10'),
  (2045, '43F.666-067', 'B11'),
  (2046, '43F.666-067', 'B12'),
  (2047, '43F.666-067', 'B13'),
  (2048, '43F.666-067', 'B14'),
  (2049, '43F.666-067', 'B15'),
  (2050, '43F.666-067', 'B16'),
  (2051, '43F.666-067', 'B17'),
  (2052, '60F.555-026', 'A1'),
  (2053, '60F.555-026', 'A2'),
  (2054, '60F.555-026', 'A3'),
  (2055, '60F.555-026', 'A4'),
  (2056, '60F.555-026', 'A5'),
  (2057, '60F.555-026', 'A6'),
  (2058, '60F.555-026', 'A7'),
  (2059, '60F.555-026', 'A8'),
  (2060, '60F.555-026', 'A9'),
  (2061, '60F.555-026', 'A10'),
  (2062, '60F.555-026', 'A11'),
  (2063, '60F.555-026', 'A12'),
  (2064, '60F.555-026', 'A13'),
  (2065, '60F.555-026', 'A14'),
  (2066, '60F.555-026', 'A15'),
  (2067, '60F.555-026', 'A16'),
  (2068, '60F.555-026', 'A17'),
  (2069, '60F.555-026', 'B1'),
  (2070, '60F.555-026', 'B2'),
  (2071, '60F.555-026', 'B3'),
  (2072, '60F.555-026', 'B4'),
  (2073, '60F.555-026', 'B5'),
  (2074, '60F.555-026', 'B6'),
  (2075, '60F.555-026', 'B7'),
  (2076, '60F.555-026', 'B8'),
  (2077, '60F.555-026', 'B9'),
  (2078, '60F.555-026', 'B10'),
  (2079, '60F.555-026', 'B11'),
  (2080, '60F.555-026', 'B12'),
  (2081, '60F.555-026', 'B13'),
  (2082, '60F.555-026', 'B14'),
  (2083, '60F.555-026', 'B15'),
  (2084, '60F.555-026', 'B16'),
  (2085, '60F.555-026', 'B17'),
  (2086, '60F.555-044', 'A1'),
  (2087, '60F.555-044', 'A2'),
  (2088, '60F.555-044', 'A3'),
  (2089, '60F.555-044', 'A4'),
  (2090, '60F.555-044', 'A5'),
  (2091, '60F.555-044', 'A6'),
  (2092, '60F.555-044', 'A7'),
  (2093, '60F.555-044', 'A8'),
  (2094, '60F.555-044', 'A9'),
  (2095, '60F.555-044', 'A10'),
  (2096, '60F.555-044', 'A11'),
  (2097, '60F.555-044', 'A12'),
  (2098, '60F.555-044', 'A13'),
  (2099, '60F.555-044', 'A14'),
  (2100, '60F.555-044', 'A15'),
  (2101, '60F.555-044', 'A16'),
  (2102, '60F.555-044', 'A17'),
  (2103, '60F.555-044', 'B1'),
  (2104, '60F.555-044', 'B2'),
  (2105, '60F.555-044', 'B3'),
  (2106, '60F.555-044', 'B4'),
  (2107, '60F.555-044', 'B5'),
  (2108, '60F.555-044', 'B6'),
  (2109, '60F.555-044', 'B7'),
  (2110, '60F.555-044', 'B8'),
  (2111, '60F.555-044', 'B9'),
  (2112, '60F.555-044', 'B10'),
  (2113, '60F.555-044', 'B11'),
  (2114, '60F.555-044', 'B12'),
  (2115, '60F.555-044', 'B13'),
  (2116, '60F.555-044', 'B14'),
  (2117, '60F.555-044', 'B15'),
  (2118, '60F.555-044', 'B16'),
  (2119, '60F.555-044', 'B17'),
  (2120, '60F.555-062', 'A1'),
  (2121, '60F.555-062', 'A2'),
  (2122, '60F.555-062', 'A3'),
  (2123, '60F.555-062', 'A4'),
  (2124, '60F.555-062', 'A5'),
  (2125, '60F.555-062', 'A6'),
  (2126, '60F.555-062', 'A7'),
  (2127, '60F.555-062', 'A8'),
  (2128, '60F.555-062', 'A9'),
  (2129, '60F.555-062', 'A10'),
  (2130, '60F.555-062', 'A11'),
  (2131, '60F.555-062', 'A12'),
  (2132, '60F.555-062', 'A13'),
  (2133, '60F.555-062', 'A14'),
  (2134, '60F.555-062', 'A15'),
  (2135, '60F.555-062', 'A16'),
  (2136, '60F.555-062', 'A17'),
  (2137, '60F.555-062', 'B1'),
  (2138, '60F.555-062', 'B2'),
  (2139, '60F.555-062', 'B3'),
  (2140, '60F.555-062', 'B4'),
  (2141, '60F.555-062', 'B5'),
  (2142, '60F.555-062', 'B6'),
  (2143, '60F.555-062', 'B7'),
  (2144, '60F.555-062', 'B8'),
  (2145, '60F.555-062', 'B9'),
  (2146, '60F.555-062', 'B10'),
  (2147, '60F.555-062', 'B11'),
  (2148, '60F.555-062', 'B12'),
  (2149, '60F.555-062', 'B13'),
  (2150, '60F.555-062', 'B14'),
  (2151, '60F.555-062', 'B15'),
  (2152, '60F.555-062', 'B16'),
  (2153, '60F.555-062', 'B17'),
  (2154, '60F.555-080', 'A1'),
  (2155, '60F.555-080', 'A2'),
  (2156, '60F.555-080', 'A3'),
  (2157, '60F.555-080', 'A4'),
  (2158, '60F.555-080', 'A5'),
  (2159, '60F.555-080', 'A6'),
  (2160, '60F.555-080', 'A7'),
  (2161, '60F.555-080', 'A8'),
  (2162, '60F.555-080', 'A9'),
  (2163, '60F.555-080', 'A10'),
  (2164, '60F.555-080', 'A11'),
  (2165, '60F.555-080', 'A12'),
  (2166, '60F.555-080', 'A13'),
  (2167, '60F.555-080', 'A14'),
  (2168, '60F.555-080', 'A15'),
  (2169, '60F.555-080', 'A16'),
  (2170, '60F.555-080', 'A17'),
  (2171, '60F.555-080', 'B1'),
  (2172, '60F.555-080', 'B2'),
  (2173, '60F.555-080', 'B3'),
  (2174, '60F.555-080', 'B4'),
  (2175, '60F.555-080', 'B5'),
  (2176, '60F.555-080', 'B6'),
  (2177, '60F.555-080', 'B7'),
  (2178, '60F.555-080', 'B8'),
  (2179, '60F.555-080', 'B9'),
  (2180, '60F.555-080', 'B10'),
  (2181, '60F.555-080', 'B11'),
  (2182, '60F.555-080', 'B12'),
  (2183, '60F.555-080', 'B13'),
  (2184, '60F.555-080', 'B14'),
  (2185, '60F.555-080', 'B15'),
  (2186, '60F.555-080', 'B16'),
  (2187, '60F.555-080', 'B17'),
  (2188, '60F.666-017', 'A1'),
  (2189, '60F.666-017', 'A2'),
  (2190, '60F.666-017', 'A3'),
  (2191, '60F.666-017', 'A4'),
  (2192, '60F.666-017', 'A5'),
  (2193, '60F.666-017', 'A6'),
  (2194, '60F.666-017', 'A7'),
  (2195, '60F.666-017', 'A8'),
  (2196, '60F.666-017', 'A9'),
  (2197, '60F.666-017', 'A10'),
  (2198, '60F.666-017', 'A11'),
  (2199, '60F.666-017', 'A12'),
  (2200, '60F.666-017', 'A13'),
  (2201, '60F.666-017', 'A14'),
  (2202, '60F.666-017', 'A15'),
  (2203, '60F.666-017', 'A16'),
  (2204, '60F.666-017', 'A17'),
  (2205, '60F.666-017', 'B1'),
  (2206, '60F.666-017', 'B2'),
  (2207, '60F.666-017', 'B3'),
  (2208, '60F.666-017', 'B4'),
  (2209, '60F.666-017', 'B5'),
  (2210, '60F.666-017', 'B6'),
  (2211, '60F.666-017', 'B7'),
  (2212, '60F.666-017', 'B8'),
  (2213, '60F.666-017', 'B9'),
  (2214, '60F.666-017', 'B10'),
  (2215, '60F.666-017', 'B11'),
  (2216, '60F.666-017', 'B12'),
  (2217, '60F.666-017', 'B13'),
  (2218, '60F.666-017', 'B14'),
  (2219, '60F.666-017', 'B15'),
  (2220, '60F.666-017', 'B16'),
  (2221, '60F.666-017', 'B17'),
  (2222, '60F.666-035', 'A1'),
  (2223, '60F.666-035', 'A2'),
  (2224, '60F.666-035', 'A3'),
  (2225, '60F.666-035', 'A4'),
  (2226, '60F.666-035', 'A5'),
  (2227, '60F.666-035', 'A6'),
  (2228, '60F.666-035', 'A7'),
  (2229, '60F.666-035', 'A8'),
  (2230, '60F.666-035', 'A9'),
  (2231, '60F.666-035', 'A10'),
  (2232, '60F.666-035', 'A11'),
  (2233, '60F.666-035', 'A12'),
  (2234, '60F.666-035', 'A13'),
  (2235, '60F.666-035', 'A14'),
  (2236, '60F.666-035', 'A15'),
  (2237, '60F.666-035', 'A16'),
  (2238, '60F.666-035', 'A17'),
  (2239, '60F.666-035', 'B1'),
  (2240, '60F.666-035', 'B2'),
  (2241, '60F.666-035', 'B3'),
  (2242, '60F.666-035', 'B4'),
  (2243, '60F.666-035', 'B5'),
  (2244, '60F.666-035', 'B6'),
  (2245, '60F.666-035', 'B7'),
  (2246, '60F.666-035', 'B8'),
  (2247, '60F.666-035', 'B9'),
  (2248, '60F.666-035', 'B10'),
  (2249, '60F.666-035', 'B11'),
  (2250, '60F.666-035', 'B12'),
  (2251, '60F.666-035', 'B13'),
  (2252, '60F.666-035', 'B14'),
  (2253, '60F.666-035', 'B15'),
  (2254, '60F.666-035', 'B16'),
  (2255, '60F.666-035', 'B17'),
  (2256, '60F.666-053', 'A1'),
  (2257, '60F.666-053', 'A2'),
  (2258, '60F.666-053', 'A3'),
  (2259, '60F.666-053', 'A4'),
  (2260, '60F.666-053', 'A5'),
  (2261, '60F.666-053', 'A6'),
  (2262, '60F.666-053', 'A7'),
  (2263, '60F.666-053', 'A8'),
  (2264, '60F.666-053', 'A9'),
  (2265, '60F.666-053', 'A10'),
  (2266, '60F.666-053', 'A11'),
  (2267, '60F.666-053', 'A12'),
  (2268, '60F.666-053', 'A13'),
  (2269, '60F.666-053', 'A14'),
  (2270, '60F.666-053', 'A15'),
  (2271, '60F.666-053', 'A16'),
  (2272, '60F.666-053', 'A17'),
  (2273, '60F.666-053', 'B1'),
  (2274, '60F.666-053', 'B2'),
  (2275, '60F.666-053', 'B3'),
  (2276, '60F.666-053', 'B4'),
  (2277, '60F.666-053', 'B5'),
  (2278, '60F.666-053', 'B6'),
  (2279, '60F.666-053', 'B7'),
  (2280, '60F.666-053', 'B8'),
  (2281, '60F.666-053', 'B9'),
  (2282, '60F.666-053', 'B10'),
  (2283, '60F.666-053', 'B11'),
  (2284, '60F.666-053', 'B12'),
  (2285, '60F.666-053', 'B13'),
  (2286, '60F.666-053', 'B14'),
  (2287, '60F.666-053', 'B15'),
  (2288, '60F.666-053', 'B16'),
  (2289, '60F.666-053', 'B17'),
  (2290, '60F.666-071', 'A1'),
  (2291, '60F.666-071', 'A2'),
  (2292, '60F.666-071', 'A3'),
  (2293, '60F.666-071', 'A4'),
  (2294, '60F.666-071', 'A5'),
  (2295, '60F.666-071', 'A6'),
  (2296, '60F.666-071', 'A7'),
  (2297, '60F.666-071', 'A8'),
  (2298, '60F.666-071', 'A9'),
  (2299, '60F.666-071', 'A10'),
  (2300, '60F.666-071', 'A11'),
  (2301, '60F.666-071', 'A12'),
  (2302, '60F.666-071', 'A13'),
  (2303, '60F.666-071', 'A14'),
  (2304, '60F.666-071', 'A15'),
  (2305, '60F.666-071', 'A16'),
  (2306, '60F.666-071', 'A17'),
  (2307, '60F.666-071', 'B1'),
  (2308, '60F.666-071', 'B2'),
  (2309, '60F.666-071', 'B3'),
  (2310, '60F.666-071', 'B4'),
  (2311, '60F.666-071', 'B5'),
  (2312, '60F.666-071', 'B6'),
  (2313, '60F.666-071', 'B7'),
  (2314, '60F.666-071', 'B8'),
  (2315, '60F.666-071', 'B9'),
  (2316, '60F.666-071', 'B10'),
  (2317, '60F.666-071', 'B11'),
  (2318, '60F.666-071', 'B12'),
  (2319, '60F.666-071', 'B13'),
  (2320, '60F.666-071', 'B14'),
  (2321, '60F.666-071', 'B15'),
  (2322, '60F.666-071', 'B16'),
  (2323, '60F.666-071', 'B17'),
  (2324, '75F.555-008', 'A1'),
  (2325, '75F.555-008', 'A2'),
  (2326, '75F.555-008', 'A3'),
  (2327, '75F.555-008', 'A4'),
  (2328, '75F.555-008', 'A5'),
  (2329, '75F.555-008', 'A6'),
  (2330, '75F.555-008', 'A7'),
  (2331, '75F.555-008', 'A8'),
  (2332, '75F.555-008', 'A9'),
  (2333, '75F.555-008', 'A10'),
  (2334, '75F.555-008', 'A11'),
  (2335, '75F.555-008', 'A12'),
  (2336, '75F.555-008', 'A13'),
  (2337, '75F.555-008', 'A14'),
  (2338, '75F.555-008', 'A15'),
  (2339, '75F.555-008', 'A16'),
  (2340, '75F.555-008', 'A17'),
  (2341, '75F.555-008', 'A18'),
  (2342, '75F.555-008', 'A19'),
  (2343, '75F.555-008', 'A20'),
  (2344, '75F.555-008', 'A21'),
  (2345, '75F.555-008', 'A22'),
  (2346, '75F.555-008', 'A23'),
  (2347, '75F.555-008', 'B1'),
  (2348, '75F.555-008', 'B2'),
  (2349, '75F.555-008', 'B3'),
  (2350, '75F.555-008', 'B4'),
  (2351, '75F.555-008', 'B5'),
  (2352, '75F.555-008', 'B6'),
  (2353, '75F.555-008', 'B7'),
  (2354, '75F.555-008', 'B8'),
  (2355, '75F.555-008', 'B9'),
  (2356, '75F.555-008', 'B10'),
  (2357, '75F.555-008', 'B11'),
  (2358, '75F.555-008', 'B12'),
  (2359, '75F.555-008', 'B13'),
  (2360, '75F.555-008', 'B14'),
  (2361, '75F.555-008', 'B15'),
  (2362, '75F.555-008', 'B16'),
  (2363, '75F.555-008', 'B17'),
  (2364, '75F.555-008', 'B18'),
  (2365, '75F.555-008', 'B19'),
  (2366, '75F.555-008', 'B20'),
  (2367, '75F.555-008', 'B21'),
  (2368, '75F.555-008', 'B22'),
  (2369, '75F.555-024', 'A1'),
  (2370, '75F.555-024', 'A2'),
  (2371, '75F.555-024', 'A3'),
  (2372, '75F.555-024', 'A4'),
  (2373, '75F.555-024', 'A5'),
  (2374, '75F.555-024', 'A6'),
  (2375, '75F.555-024', 'A7'),
  (2376, '75F.555-024', 'A8'),
  (2377, '75F.555-024', 'A9'),
  (2378, '75F.555-024', 'A10'),
  (2379, '75F.555-024', 'A11'),
  (2380, '75F.555-024', 'A12'),
  (2381, '75F.555-024', 'A13'),
  (2382, '75F.555-024', 'A14'),
  (2383, '75F.555-024', 'A15'),
  (2384, '75F.555-024', 'A16'),
  (2385, '75F.555-024', 'A17'),
  (2386, '75F.555-024', 'B1'),
  (2387, '75F.555-024', 'B2'),
  (2388, '75F.555-024', 'B3'),
  (2389, '75F.555-024', 'B4'),
  (2390, '75F.555-024', 'B5'),
  (2391, '75F.555-024', 'B6'),
  (2392, '75F.555-024', 'B7'),
  (2393, '75F.555-024', 'B8'),
  (2394, '75F.555-024', 'B9'),
  (2395, '75F.555-024', 'B10'),
  (2396, '75F.555-024', 'B11'),
  (2397, '75F.555-024', 'B12'),
  (2398, '75F.555-024', 'B13'),
  (2399, '75F.555-024', 'B14'),
  (2400, '75F.555-024', 'B15'),
  (2401, '75F.555-024', 'B16'),
  (2402, '75F.555-024', 'B17'),
  (2403, '75F.555-042', 'A1'),
  (2404, '75F.555-042', 'A2'),
  (2405, '75F.555-042', 'A3'),
  (2406, '75F.555-042', 'A4'),
  (2407, '75F.555-042', 'A5'),
  (2408, '75F.555-042', 'A6'),
  (2409, '75F.555-042', 'A7'),
  (2410, '75F.555-042', 'A8'),
  (2411, '75F.555-042', 'A9'),
  (2412, '75F.555-042', 'A10'),
  (2413, '75F.555-042', 'A11'),
  (2414, '75F.555-042', 'A12'),
  (2415, '75F.555-042', 'A13'),
  (2416, '75F.555-042', 'A14'),
  (2417, '75F.555-042', 'A15'),
  (2418, '75F.555-042', 'A16'),
  (2419, '75F.555-042', 'A17'),
  (2420, '75F.555-042', 'B1'),
  (2421, '75F.555-042', 'B2'),
  (2422, '75F.555-042', 'B3'),
  (2423, '75F.555-042', 'B4'),
  (2424, '75F.555-042', 'B5'),
  (2425, '75F.555-042', 'B6'),
  (2426, '75F.555-042', 'B7'),
  (2427, '75F.555-042', 'B8'),
  (2428, '75F.555-042', 'B9'),
  (2429, '75F.555-042', 'B10'),
  (2430, '75F.555-042', 'B11'),
  (2431, '75F.555-042', 'B12'),
  (2432, '75F.555-042', 'B13'),
  (2433, '75F.555-042', 'B14'),
  (2434, '75F.555-042', 'B15'),
  (2435, '75F.555-042', 'B16'),
  (2436, '75F.555-042', 'B17'),
  (2437, '75F.555-060', 'A1'),
  (2438, '75F.555-060', 'A2'),
  (2439, '75F.555-060', 'A3'),
  (2440, '75F.555-060', 'A4'),
  (2441, '75F.555-060', 'A5'),
  (2442, '75F.555-060', 'A6'),
  (2443, '75F.555-060', 'A7'),
  (2444, '75F.555-060', 'A8'),
  (2445, '75F.555-060', 'A9'),
  (2446, '75F.555-060', 'A10'),
  (2447, '75F.555-060', 'A11'),
  (2448, '75F.555-060', 'A12'),
  (2449, '75F.555-060', 'A13'),
  (2450, '75F.555-060', 'A14'),
  (2451, '75F.555-060', 'A15'),
  (2452, '75F.555-060', 'A16'),
  (2453, '75F.555-060', 'A17'),
  (2454, '75F.555-060', 'B1'),
  (2455, '75F.555-060', 'B2'),
  (2456, '75F.555-060', 'B3'),
  (2457, '75F.555-060', 'B4'),
  (2458, '75F.555-060', 'B5'),
  (2459, '75F.555-060', 'B6'),
  (2460, '75F.555-060', 'B7'),
  (2461, '75F.555-060', 'B8'),
  (2462, '75F.555-060', 'B9'),
  (2463, '75F.555-060', 'B10'),
  (2464, '75F.555-060', 'B11'),
  (2465, '75F.555-060', 'B12'),
  (2466, '75F.555-060', 'B13'),
  (2467, '75F.555-060', 'B14'),
  (2468, '75F.555-060', 'B15'),
  (2469, '75F.555-060', 'B16'),
  (2470, '75F.555-060', 'B17'),
  (2471, '75F.555-078', 'A1'),
  (2472, '75F.555-078', 'A2'),
  (2473, '75F.555-078', 'A3'),
  (2474, '75F.555-078', 'A4'),
  (2475, '75F.555-078', 'A5'),
  (2476, '75F.555-078', 'A6'),
  (2477, '75F.555-078', 'A7'),
  (2478, '75F.555-078', 'A8'),
  (2479, '75F.555-078', 'A9'),
  (2480, '75F.555-078', 'A10'),
  (2481, '75F.555-078', 'A11'),
  (2482, '75F.555-078', 'A12'),
  (2483, '75F.555-078', 'A13'),
  (2484, '75F.555-078', 'A14'),
  (2485, '75F.555-078', 'A15'),
  (2486, '75F.555-078', 'A16'),
  (2487, '75F.555-078', 'A17'),
  (2488, '75F.555-078', 'B1'),
  (2489, '75F.555-078', 'B2'),
  (2490, '75F.555-078', 'B3'),
  (2491, '75F.555-078', 'B4'),
  (2492, '75F.555-078', 'B5'),
  (2493, '75F.555-078', 'B6'),
  (2494, '75F.555-078', 'B7'),
  (2495, '75F.555-078', 'B8'),
  (2496, '75F.555-078', 'B9'),
  (2497, '75F.555-078', 'B10'),
  (2498, '75F.555-078', 'B11'),
  (2499, '75F.555-078', 'B12'),
  (2500, '75F.555-078', 'B13'),
  (2501, '75F.555-078', 'B14'),
  (2502, '75F.555-078', 'B15'),
  (2503, '75F.555-078', 'B16'),
  (2504, '75F.555-078', 'B17'),
  (2505, '75F.666-015', 'A1'),
  (2506, '75F.666-015', 'A2'),
  (2507, '75F.666-015', 'A3'),
  (2508, '75F.666-015', 'A4'),
  (2509, '75F.666-015', 'A5'),
  (2510, '75F.666-015', 'A6'),
  (2511, '75F.666-015', 'A7'),
  (2512, '75F.666-015', 'A8'),
  (2513, '75F.666-015', 'A9'),
  (2514, '75F.666-015', 'A10'),
  (2515, '75F.666-015', 'A11'),
  (2516, '75F.666-015', 'A12'),
  (2517, '75F.666-015', 'A13'),
  (2518, '75F.666-015', 'A14'),
  (2519, '75F.666-015', 'A15'),
  (2520, '75F.666-015', 'A16'),
  (2521, '75F.666-015', 'A17'),
  (2522, '75F.666-015', 'B1'),
  (2523, '75F.666-015', 'B2'),
  (2524, '75F.666-015', 'B3'),
  (2525, '75F.666-015', 'B4'),
  (2526, '75F.666-015', 'B5'),
  (2527, '75F.666-015', 'B6'),
  (2528, '75F.666-015', 'B7'),
  (2529, '75F.666-015', 'B8'),
  (2530, '75F.666-015', 'B9'),
  (2531, '75F.666-015', 'B10'),
  (2532, '75F.666-015', 'B11'),
  (2533, '75F.666-015', 'B12'),
  (2534, '75F.666-015', 'B13'),
  (2535, '75F.666-015', 'B14'),
  (2536, '75F.666-015', 'B15'),
  (2537, '75F.666-015', 'B16'),
  (2538, '75F.666-015', 'B17'),
  (2539, '75F.666-033', 'A1'),
  (2540, '75F.666-033', 'A2'),
  (2541, '75F.666-033', 'A3'),
  (2542, '75F.666-033', 'A4'),
  (2543, '75F.666-033', 'A5'),
  (2544, '75F.666-033', 'A6'),
  (2545, '75F.666-033', 'A7'),
  (2546, '75F.666-033', 'A8'),
  (2547, '75F.666-033', 'A9'),
  (2548, '75F.666-033', 'A10'),
  (2549, '75F.666-033', 'A11'),
  (2550, '75F.666-033', 'A12'),
  (2551, '75F.666-033', 'A13'),
  (2552, '75F.666-033', 'A14'),
  (2553, '75F.666-033', 'A15'),
  (2554, '75F.666-033', 'A16'),
  (2555, '75F.666-033', 'A17'),
  (2556, '75F.666-033', 'B1'),
  (2557, '75F.666-033', 'B2'),
  (2558, '75F.666-033', 'B3'),
  (2559, '75F.666-033', 'B4'),
  (2560, '75F.666-033', 'B5'),
  (2561, '75F.666-033', 'B6'),
  (2562, '75F.666-033', 'B7'),
  (2563, '75F.666-033', 'B8'),
  (2564, '75F.666-033', 'B9'),
  (2565, '75F.666-033', 'B10'),
  (2566, '75F.666-033', 'B11'),
  (2567, '75F.666-033', 'B12'),
  (2568, '75F.666-033', 'B13'),
  (2569, '75F.666-033', 'B14'),
  (2570, '75F.666-033', 'B15'),
  (2571, '75F.666-033', 'B16'),
  (2572, '75F.666-033', 'B17'),
  (2573, '75F.666-051', 'A1'),
  (2574, '75F.666-051', 'A2'),
  (2575, '75F.666-051', 'A3'),
  (2576, '75F.666-051', 'A4'),
  (2577, '75F.666-051', 'A5'),
  (2578, '75F.666-051', 'A6'),
  (2579, '75F.666-051', 'A7'),
  (2580, '75F.666-051', 'A8'),
  (2581, '75F.666-051', 'A9'),
  (2582, '75F.666-051', 'A10'),
  (2583, '75F.666-051', 'A11'),
  (2584, '75F.666-051', 'A12'),
  (2585, '75F.666-051', 'A13'),
  (2586, '75F.666-051', 'A14'),
  (2587, '75F.666-051', 'A15'),
  (2588, '75F.666-051', 'A16'),
  (2589, '75F.666-051', 'A17'),
  (2590, '75F.666-051', 'B1'),
  (2591, '75F.666-051', 'B2'),
  (2592, '75F.666-051', 'B3'),
  (2593, '75F.666-051', 'B4'),
  (2594, '75F.666-051', 'B5'),
  (2595, '75F.666-051', 'B6'),
  (2596, '75F.666-051', 'B7'),
  (2597, '75F.666-051', 'B8'),
  (2598, '75F.666-051', 'B9'),
  (2599, '75F.666-051', 'B10'),
  (2600, '75F.666-051', 'B11'),
  (2601, '75F.666-051', 'B12'),
  (2602, '75F.666-051', 'B13'),
  (2603, '75F.666-051', 'B14'),
  (2604, '75F.666-051', 'B15'),
  (2605, '75F.666-051', 'B16'),
  (2606, '75F.666-051', 'B17'),
  (2607, '75F.666-069', 'A1'),
  (2608, '75F.666-069', 'A2'),
  (2609, '75F.666-069', 'A3'),
  (2610, '75F.666-069', 'A4'),
  (2611, '75F.666-069', 'A5'),
  (2612, '75F.666-069', 'A6'),
  (2613, '75F.666-069', 'A7'),
  (2614, '75F.666-069', 'A8'),
  (2615, '75F.666-069', 'A9'),
  (2616, '75F.666-069', 'A10'),
  (2617, '75F.666-069', 'A11'),
  (2618, '75F.666-069', 'A12'),
  (2619, '75F.666-069', 'A13'),
  (2620, '75F.666-069', 'A14'),
  (2621, '75F.666-069', 'A15'),
  (2622, '75F.666-069', 'A16'),
  (2623, '75F.666-069', 'A17'),
  (2624, '75F.666-069', 'B1'),
  (2625, '75F.666-069', 'B2'),
  (2626, '75F.666-069', 'B3'),
  (2627, '75F.666-069', 'B4'),
  (2628, '75F.666-069', 'B5'),
  (2629, '75F.666-069', 'B6'),
  (2630, '75F.666-069', 'B7'),
  (2631, '75F.666-069', 'B8'),
  (2632, '75F.666-069', 'B9'),
  (2633, '75F.666-069', 'B10'),
  (2634, '75F.666-069', 'B11'),
  (2635, '75F.666-069', 'B12'),
  (2636, '75F.666-069', 'B13'),
  (2637, '75F.666-069', 'B14'),
  (2638, '75F.666-069', 'B15'),
  (2639, '75F.666-069', 'B16'),
  (2640, '75F.666-069', 'B17'),
  (2641, '92F.555-006', 'A1'),
  (2642, '92F.555-006', 'A2'),
  (2643, '92F.555-006', 'A3'),
  (2644, '92F.555-006', 'A4'),
  (2645, '92F.555-006', 'A5'),
  (2646, '92F.555-006', 'A6'),
  (2647, '92F.555-006', 'A7'),
  (2648, '92F.555-006', 'A8'),
  (2649, '92F.555-006', 'A9'),
  (2650, '92F.555-006', 'A10'),
  (2651, '92F.555-006', 'A11'),
  (2652, '92F.555-006', 'A12'),
  (2653, '92F.555-006', 'A13'),
  (2654, '92F.555-006', 'A14'),
  (2655, '92F.555-006', 'A15'),
  (2656, '92F.555-006', 'A16'),
  (2657, '92F.555-006', 'A17'),
  (2658, '92F.555-006', 'B1'),
  (2659, '92F.555-006', 'B2'),
  (2660, '92F.555-006', 'B3'),
  (2661, '92F.555-006', 'B4'),
  (2662, '92F.555-006', 'B5'),
  (2663, '92F.555-006', 'B6'),
  (2664, '92F.555-006', 'B7'),
  (2665, '92F.555-006', 'B8'),
  (2666, '92F.555-006', 'B9'),
  (2667, '92F.555-006', 'B10'),
  (2668, '92F.555-006', 'B11'),
  (2669, '92F.555-006', 'B12'),
  (2670, '92F.555-006', 'B13'),
  (2671, '92F.555-006', 'B14'),
  (2672, '92F.555-006', 'B15'),
  (2673, '92F.555-006', 'B16'),
  (2674, '92F.555-006', 'B17'),
  (2675, '51F.666-011', 'A1'),
  (2676, '51F.666-011', 'A2'),
  (2677, '51F.666-011', 'A3'),
  (2678, '51F.666-011', 'A4'),
  (2679, '51F.666-011', 'A5'),
  (2680, '51F.666-011', 'A6'),
  (2681, '51F.666-011', 'A7'),
  (2682, '51F.666-011', 'A8'),
  (2683, '51F.666-011', 'A9'),
  (2684, '51F.666-011', 'A10'),
  (2685, '51F.666-011', 'A11'),
  (2686, '51F.666-011', 'A12'),
  (2687, '51F.666-011', 'A13'),
  (2688, '51F.666-011', 'A14'),
  (2689, '51F.666-011', 'A15'),
  (2690, '51F.666-011', 'A16'),
  (2691, '51F.666-011', 'A17'),
  (2692, '51F.666-011', 'B1'),
  (2693, '51F.666-011', 'B2'),
  (2694, '51F.666-011', 'B3'),
  (2695, '51F.666-011', 'B4'),
  (2696, '51F.666-011', 'B5'),
  (2697, '51F.666-011', 'B6'),
  (2698, '51F.666-011', 'B7'),
  (2699, '51F.666-011', 'B8'),
  (2700, '51F.666-011', 'B9'),
  (2701, '51F.666-011', 'B10'),
  (2702, '51F.666-011', 'B11'),
  (2703, '51F.666-011', 'B12'),
  (2704, '51F.666-011', 'B13'),
  (2705, '51F.666-011', 'B14'),
  (2706, '51F.666-011', 'B15'),
  (2707, '51F.666-011', 'B16'),
  (2708, '51F.666-011', 'B17'),
  (2709, '51F.666-029', 'A1'),
  (2710, '51F.666-029', 'A2'),
  (2711, '51F.666-029', 'A3'),
  (2712, '51F.666-029', 'A4'),
  (2713, '51F.666-029', 'A5'),
  (2714, '51F.666-029', 'A6'),
  (2715, '51F.666-029', 'A7'),
  (2716, '51F.666-029', 'A8'),
  (2717, '51F.666-029', 'A9'),
  (2718, '51F.666-029', 'A10'),
  (2719, '51F.666-029', 'A11'),
  (2720, '51F.666-029', 'A12'),
  (2721, '51F.666-029', 'A13'),
  (2722, '51F.666-029', 'A14'),
  (2723, '51F.666-029', 'A15'),
  (2724, '51F.666-029', 'A16'),
  (2725, '51F.666-029', 'A17'),
  (2726, '51F.666-029', 'B1'),
  (2727, '51F.666-029', 'B2'),
  (2728, '51F.666-029', 'B3'),
  (2729, '51F.666-029', 'B4'),
  (2730, '51F.666-029', 'B5'),
  (2731, '51F.666-029', 'B6'),
  (2732, '51F.666-029', 'B7'),
  (2733, '51F.666-029', 'B8'),
  (2734, '51F.666-029', 'B9'),
  (2735, '51F.666-029', 'B10'),
  (2736, '51F.666-029', 'B11'),
  (2737, '51F.666-029', 'B12'),
  (2738, '51F.666-029', 'B13'),
  (2739, '51F.666-029', 'B14'),
  (2740, '51F.666-029', 'B15'),
  (2741, '51F.666-029', 'B16'),
  (2742, '51F.666-029', 'B17'),
  (2743, '51F.666-047', 'A1'),
  (2744, '51F.666-047', 'A2'),
  (2745, '51F.666-047', 'A3'),
  (2746, '51F.666-047', 'A4'),
  (2747, '51F.666-047', 'A5'),
  (2748, '51F.666-047', 'A6'),
  (2749, '51F.666-047', 'A7'),
  (2750, '51F.666-047', 'A8'),
  (2751, '51F.666-047', 'A9'),
  (2752, '51F.666-047', 'A10'),
  (2753, '51F.666-047', 'A11'),
  (2754, '51F.666-047', 'A12'),
  (2755, '51F.666-047', 'A13'),
  (2756, '51F.666-047', 'A14'),
  (2757, '51F.666-047', 'A15'),
  (2758, '51F.666-047', 'A16'),
  (2759, '51F.666-047', 'A17'),
  (2760, '51F.666-047', 'B1'),
  (2761, '51F.666-047', 'B2'),
  (2762, '51F.666-047', 'B3'),
  (2763, '51F.666-047', 'B4'),
  (2764, '51F.666-047', 'B5'),
  (2765, '51F.666-047', 'B6'),
  (2766, '51F.666-047', 'B7'),
  (2767, '51F.666-047', 'B8'),
  (2768, '51F.666-047', 'B9'),
  (2769, '51F.666-047', 'B10'),
  (2770, '51F.666-047', 'B11'),
  (2771, '51F.666-047', 'B12'),
  (2772, '51F.666-047', 'B13'),
  (2773, '51F.666-047', 'B14'),
  (2774, '51F.666-047', 'B15'),
  (2775, '51F.666-047', 'B16'),
  (2776, '51F.666-047', 'B17'),
  (2777, '51F.666-065', 'A1'),
  (2778, '51F.666-065', 'A2'),
  (2779, '51F.666-065', 'A3'),
  (2780, '51F.666-065', 'A4'),
  (2781, '51F.666-065', 'A5'),
  (2782, '51F.666-065', 'A6'),
  (2783, '51F.666-065', 'A7'),
  (2784, '51F.666-065', 'A8'),
  (2785, '51F.666-065', 'A9'),
  (2786, '51F.666-065', 'A10'),
  (2787, '51F.666-065', 'A11'),
  (2788, '51F.666-065', 'A12'),
  (2789, '51F.666-065', 'A13'),
  (2790, '51F.666-065', 'A14'),
  (2791, '51F.666-065', 'A15'),
  (2792, '51F.666-065', 'A16'),
  (2793, '51F.666-065', 'A17'),
  (2794, '51F.666-065', 'B1'),
  (2795, '51F.666-065', 'B2'),
  (2796, '51F.666-065', 'B3'),
  (2797, '51F.666-065', 'B4'),
  (2798, '51F.666-065', 'B5'),
  (2799, '51F.666-065', 'B6'),
  (2800, '51F.666-065', 'B7'),
  (2801, '51F.666-065', 'B8'),
  (2802, '51F.666-065', 'B9'),
  (2803, '51F.666-065', 'B10'),
  (2804, '51F.666-065', 'B11'),
  (2805, '51F.666-065', 'B12'),
  (2806, '51F.666-065', 'B13'),
  (2807, '51F.666-065', 'B14'),
  (2808, '51F.666-065', 'B15'),
  (2809, '51F.666-065', 'B16'),
  (2810, '51F.666-065', 'B17'),
  (2811, '36F.666-009', 'A1'),
  (2812, '36F.666-009', 'A2'),
  (2813, '36F.666-009', 'A3'),
  (2814, '36F.666-009', 'A4'),
  (2815, '36F.666-009', 'A5'),
  (2816, '36F.666-009', 'A6'),
  (2817, '36F.666-009', 'A7'),
  (2818, '36F.666-009', 'A8'),
  (2819, '36F.666-009', 'A9'),
  (2820, '36F.666-009', 'A10'),
  (2821, '36F.666-009', 'A11'),
  (2822, '36F.666-009', 'A12'),
  (2823, '36F.666-009', 'A13'),
  (2824, '36F.666-009', 'A14'),
  (2825, '36F.666-009', 'A15'),
  (2826, '36F.666-009', 'A16'),
  (2827, '36F.666-009', 'A17'),
  (2828, '36F.666-009', 'B1'),
  (2829, '36F.666-009', 'B2'),
  (2830, '36F.666-009', 'B3'),
  (2831, '36F.666-009', 'B4'),
  (2832, '36F.666-009', 'B5'),
  (2833, '36F.666-009', 'B6'),
  (2834, '36F.666-009', 'B7'),
  (2835, '36F.666-009', 'B8'),
  (2836, '36F.666-009', 'B9'),
  (2837, '36F.666-009', 'B10'),
  (2838, '36F.666-009', 'B11'),
  (2839, '36F.666-009', 'B12'),
  (2840, '36F.666-009', 'B13'),
  (2841, '36F.666-009', 'B14'),
  (2842, '36F.666-009', 'B15'),
  (2843, '36F.666-009', 'B16'),
  (2844, '36F.666-009', 'B17');

-- --------------------------------------------------------
--
-- Table structure for table `checkpoint`
--
CREATE TABLE `checkpoint` (
  `checkpoint_id` smallint(6) NOT NULL,
  `place_name` varchar(70) NOT NULL,
  `address` varchar(100) NOT NULL,
  `region` varchar(50) NOT NULL,
  `phone` varchar(12) NOT NULL
) ENGINE = InnoDB DEFAULT CHARSET = utf8mb4 COLLATE = utf8mb4_general_ci;

--
-- Dumping data for table `checkpoint`
--
INSERT INTO
  `checkpoint` (
    `checkpoint_id`,
    `place_name`,
    `address`,
    `region`,
    `phone`
  )
VALUES
  (
    1,
    '202 L HNG PHONG',
    '202 - 204 L Hng Phong, Phng 4, Qun 5, TP HCM',
    '19006067',
    'Min Nam'
  ),
  (
    2,
    '205 PHM NG LO',
    '205 Phm Ng Lo , phng Phm Ng Lo Qun 1 TPHCM',
    '19006067',
    'Min Nam'
  ),
  (
    3,
    '231 L HNG PHONG',
    '231 - 233 L Hng Phong, Phng 4, Qun 5, TP HCM',
    '19006067',
    'Min Nam'
  ),
  (
    4,
    '27 NGUYN NG',
    'S 27, ng Nguyn ng, Khm 1, Phng 7, TP Tr Vinh, Tnh Tr Vinh',
    '02943 747 474',
    'Min Nam'
  ),
  (
    5,
    '43 NGUYN C TRINH',
    '43 Nguyn C Trinh , Phng Nguyn C Trinh Qun 1 TPHCM',
    '19006067',
    'Min Nam'
  ),
  (
    6,
    'AN TRCH',
    '720 QL1A, p An Trch, x An Hip, huyn Chu Thnh, tnh Sc Trng',
    '02993 872 872',
    'Min Nam'
  ),
  (
    7,
    'BN XE B RA',
    'Km 65, Quc l 51, Khu ph 2, Phng Phc Trung, TP B Ra, Tnh B Ra-Vng Tu',
    '02543 826 768',
    'Min Nam'
  ),
  (
    8,
    'BN XE BN CT',
    '213 ng D11, Phng Thi Ha, Tx Bn Ct, Bnh Dng',
    '19006915',
    'Min Nam'
  ),
  (
    9,
    'BN XE C MAU',
    'Quc l 1A, L Thng Kit, Phng 6, TP.C Mau, T.C Mau',
    '02903 651 651',
    'Min Nam'
  ),
  (
    10,
    'BN XE CHU C',
    'QL 91,K Ha Bnh, P.Vnh M,TP Chu c, An Giang',
    '02963 989 999',
    'Min Nam'
  ),
  (
    11,
    'BN XE NM CN',
    'Th Trn Nm Cn, H. Nm Cn, Tnh C Mau',
    '02903 715 715',
    'Min Nam'
  ),
  (
    12,
    'BN XE NG 4 GA',
    '720 QL1A, Khu Ph 3B, Phng Thnh Lc, Qun 12, TP HCM',
    '19006067',
    'Min Nam'
  ),
  (
    13,
    'BN XE  MN',
    'Khu vc 5- P.Chu Vn Lim - Q. mn - TP Cn Th',
    '02923 667 997',
    'Min Nam'
  ),
  (
    14,
    'BN XE TRUNG TM TP CN TH',
    'i din nh Ga Bn xe khch trung tm TP Cn Th, Khu  Th Nam Cn Th- P.Hng Thnh - Q.Ci Rng',
    '19006919',
    'Min Nam'
  ),
  (
    15,
    'BN XE VNG TU',
    '192 ng Nam K Khi Ngha Phng Thng Tam TP Vng Tu, Tnh BRVT',
    '19006917',
    'Min Nam'
  ),
  (
    16,
    'BNH VIN NHI NG 3 (BV NHI TPHCM)',
    '15 ng V Trn Tr, X Tn Kin, Huyn Bnh Chnh, TP HCM',
    '19006067',
    'Min Nam'
  ),
  (
    17,
    'BNH MINH',
    'p Thun Tin B , X Thun An , Th X Bnh Minh, Tnh Vnh Long',
    '02703 742 999',
    'Min Nam'
  ),
  (
    18,
    'BX AN SNG',
    'QL22, p ng Ln, X B im, Huyn Hc Mn, TP HCM',
    '19006067',
    'Min Nam'
  ),
  (
    19,
    'BX BNH DNG',
    'ng 30/04, Phng Chnh Ngha, Th Du Mt, Bnh Dng',
    '19006915',
    'Min Nam'
  ),
  (
    20,
    'BX CAO LNH',
    'QL30, p An nh, x An Bnh, huyn Cao Lnh, tnh ng Thp',
    '02773 636 636',
    'Min Nam'
  ),
  (
    21,
    'BX CHU THNH',
    'ng Hong L Kha, Khu ph 4, Th Trn Chu Thnh, Huyn Chu Thnh, Tnh Ty Ninh',
    '19006913',
    'Min Nam'
  ),
  (
    22,
    'BX NG TM',
    '168 Qun l Phng Hip, Khm 1, phng Tn Thnh, TP.C Mau',
    '02903 658 888',
    'Min Nam'
  ),
  (
    23,
    'BX HNG NG',
    'T 3, p Bnh Hng, x Bnh Thnh. TP Hng Ng, tnh ng Thp',
    '02773 898 777',
    'Min Nam'
  ),
  (
    24,
    'BX LONG XUYN',
    '392 Phm C Lng, Khm Tn Ph, Phng M Qu, TP Long Xuyn, tnh An Giang',
    '02963 989 999',
    'Min Nam'
  ),
  (
    25,
    'BX MIN NG C',
    '292 inh B Lnh, Phng 26, Qun Bnh Thnh, TP.HCM.',
    '19006067',
    'Min Nam'
  ),
  (
    26,
    'BX MIN NG MI',
    '501 Hong Hu Nam, Phng Long Bnh, TP Th c, TP.HCM.',
    '19006067',
    'Min Nam'
  ),
  (
    27,
    'BX MIN TY',
    '395 Kinh Dng Vng, Phng An Lc, Qun Bnh Tn, TP HCM',
    '19006067',
    'Min Nam'
  ),
  (
    28,
    'BX NG 5',
    '109 Nguyn Tri, Khm 3, Phng 1, TX Ng Nm, Tnh Sc Trng',
    '02993 523 523',
    'Min Nam'
  ),
  (
    29,
    'BX NG 7',
    'BX Ng 7, P.Ng By, TX.Ng By, Hu Giang',
    '02933 868 866',
    'Min Nam'
  ),
  (
    30,
    'BX SA C',
    '149/8 khm Ho Khnh, Phng 2, TP. Sa c, ng Thp',
    '02773 774 993',
    'Min Nam'
  ),
  (
    31,
    'BX SC TRNG',
    '38 L Dun, P3, TPST, Sc Trng',
    '02993 868 868',
    'Min Nam'
  ),
  (
    32,
    'BX TN BIN',
    'Bn xe khch Tn Bin, ng Phm Hng, Khu Ph 1, Th Trn Tn Bin, Huyn Tn Bin, Tnh Ty Ninh',
    '19006913',
    'Min Nam'
  ),
  (
    33,
    'BX TY NINH',
    'Bn xe khch Ty Ninh, ng Trng N Vng, Khu ph 1, Phng 2, Thnh ph Ty Ninh, Tnh Ty Ninh',
    '19006913',
    'Min Nam'
  ),
  (
    34,
    'BX THANH BNH',
    'QL30, Khm Tn ng B, th trn Thanh Bnh, huyn Thanh Bnh, tnh ng Thp',
    '02773 833 068',
    'Min Nam'
  ),
  (
    35,
    'BX TR VINH',
    'S 554, QL 54, Khm 4, Phng 9, TP Tr Vinh, Tnh Tr Vinh',
    '02943 747 474',
    'Min Nam'
  ),
  (
    36,
    'BX V THANH',
    'p 7, X V Trung, huyn V Thy, Hu Giang',
    '02933 583 583',
    'Min Nam'
  ),
  (
    37,
    'BX VNH CHU',
    'ng Phan Thanh Gin, K1, P1, TX Vnh Chu, Sc Trng',
    '02993 615 615',
    'Min Nam'
  ),
  (
    38,
    'BX VNH LONG',
    '1E, inh Tin Hong, Phng 8, TP Vnh Long, Tnh Vnh Long',
    '02703 879 777',
    'Min Nam'
  ),
  (
    39,
    'CI NC',
    'Quc l 1A, Khm 2, Th trn Ci Nc, huyn Ci Nc, Tnh C Mau',
    '02903 748 748',
    'Min Nam'
  ),
  (
    40,
    'CI TU H',
    'QL 80, Khm Ph M Hip, TT. Ci Tu H, Huyn Chu Thnh, Tnh ng Thp',
    '02773 611 333',
    'Min Nam'
  ),
  (
    41,
    'CH RY',
    '20 Phm Hu Ch, Phng 12, Qun 5, TP HCM',
    '19006067',
    'Min Nam'
  ),
  (
    42,
    'M DI',
    'ng 30 thng 4, Khm 4, Th trn m Di, huyn m Di, Tnh C Mau',
    '02903 956 956',
    'Min Nam'
  ),
  (
    43,
    'NG EN',
    '288 ng en, Phng10, Qun Tn Bnh, TP HCM',
    '19006067',
    'Min Nam'
  ),
  (
    44,
    'LAI VUNG',
    '137A -QL 80, X Ho Long, Huyn Lai Vung, Tnh ng Thp',
    '02773 849 443',
    'Min Nam'
  ),
  (
    45,
    'LP V',
    '135 ng 3/2, TT. Lp V, Tnh ng Thp',
    '02773 688 988',
    'Min Nam'
  ),
  (
    46,
    'L T TRI TN',
    'Bn xe Chu Thnh - p Ph Ha 2, x Bnh Ha, huyn Chu Thnh, tnh An Giang',
    '02963 989 999',
    'Min Nam'
  ),
  (
    47,
    'LONG PH',
    'p 1, TT Long Ph, huyn Long Ph, tnh Sc Trng',
    '02993 712 713',
    'Min Nam'
  ),
  (
    48,
    'LY BN BCH',
    '973 Ly Bn Bch, Phng Tn Thnh, Qun Tn Ph, TP HCM',
    '19006067',
    'Min Nam'
  ),
  (
    49,
    'MA LM',
    '474 ng 8 thng 4 (QL28), TT. Ma Lm, huyn Hm Thun Bc, Bnh Thun',
    '02523 733 939',
    'Min Nam'
  ),
  (
    50,
    'MI N',
    '20 Hunh Thc Khng, P. Hm Tin, TP. Phan Thit, Bnh Thun',
    '02523 743 113',
    'Min Nam'
  ),
  (
    51,
    'M THI',
    '26/32 Quc L 91, Khm Trung An, Phng M Thi, TP Long Xuyn, tnh An Giang',
    '02963 989 999',
    'Min Nam'
  ),
  (
    52,
    'NG T NG TM',
    'Quc L 1A, p 4, X Tam Hip, huyn Chu Thnh, tnh Tin Giang',
    '02733 618 666',
    'Min Nam'
  ),
  (
    53,
    'PH HA',
    '455 Trn Ph, p Ph Hu, TT Ph Ha, Huyn Thoi Sn, tnh An Giang',
    '02963 989 999',
    'Min Nam'
  ),
  (
    54,
    'PHC LONG',
    'p Long Thnh, TT Phc Long, Huyn Phc Long, Tnh Bc Liu',
    '02913 859 859',
    'Min Nam'
  ),
  (
    55,
    'SATRA TRM DNG',
    'p Ha Phc, x Ha Khnh, huyn Ci B, tnh Tin Giang',
    '02733 756 238',
    'Min Nam'
  ),
  (
    56,
    'SNG C',
    'T 5, Khm 10, Th trn Sng c, huyn Trn Vn Thi, Tnh C Mau',
    '02903 890 890',
    'Min Nam'
  ),
  (
    57,
    'SONG PH',
    'L 27-28-29 Khu  Th mi Song Ph, p Ph Thnh, X Song Ph, Huyn Tam Bnh, Tnh Vnh Long',
    '02703 959 999',
    'Min Nam'
  ),
  (
    58,
    'SUI LINH',
    'D9, Xa L H Ni, Phng Long Bnh, TP. Bin Ha, T. ng Nai',
    '02518 890 638',
    'Min Nam'
  ),
  (
    59,
    'TN PH',
    '782, Quc L 20, T 1, Khu Ph 8, Th Trn Tn Ph, Huyn Tn Ph, T. ng Nai',
    '02513 698 002',
    'Min Nam'
  ),
  (
    60,
    'TRN ',
    'p u Ging, TT Trn , huyn Trn , tnh Sc Trng.',
    '02993 717 718',
    'Min Nam'
  ),
  (
    61,
    'UNG BU 1',
    '68 N Trang Long, Phng 14, Qun Bnh Thnh, TP HCM',
    '19006067',
    'Min Nam'
  ),
  (
    62,
    'VN PHNG D AN',
    '269 L Hng Phong, Phng Tn ng Hip, TP D An, Bnh Dng',
    '19006915',
    'Min Nam'
  ),
  (
    63,
    'VN PHNG LI THIU',
    '70 ng CMT8, Phng Li Thiu, TP Thun An, Bnh Dng',
    '19006915',
    'Min Nam'
  ),
  (
    64,
    'VP BC LIU',
    'Bn xe Bc Liu,ng Trn Ph, Khm 2, phng 7, TP Bc Liu, Tnh Bc Liu',
    '02913 932 345',
    'Min Nam'
  ),
  (
    65,
    'VP BNH PH',
    'p Nguyt Lng A, X Bnh Ph, Huyn Cng Long, Tnh Tr Vinh',
    '02943 888 474',
    'Min Nam'
  ),
  (
    66,
    'VP CI DU',
    'T 5, p Bnh Chnh ,X. Bnh Long, H.Chu Ph,An Giang',
    '02963 989 999',
    'Min Nam'
  ),
  (
    67,
    'VP CI TC',
    'Bn xe Ci Tc, QL 1A, S 457, TT Ci Tc, Huyn Chu Thnh A, Hu Giang',
    '02933 947 947',
    'Min Nam'
  ),
  (
    68,
    'VP CH CHU C',
    '.Nguyn Hu Cnh,P.Chu Ph A,TP Chu c An Giang',
    '02963 989 999',
    'Min Nam'
  ),
  (
    69,
    'VP H TIN',
    'Bn xe H Tin, ng 2/9, Khu ph 3, Phng T Chu, TP H Tin, T Kin Giang',
    '02973 668 866',
    'Min Nam'
  ),
  (
    70,
    'VP HNG XANH',
    '486H-486J in Bin Ph, Phng 21, Qun Bnh Thnh, TP.HCM.',
    '19006067',
    'Min Nam'
  ),
  (
    71,
    'VP H PHNG',
    'Bn xe H phng, Khm 1, Phng H Phng, TX Gi Rai, Tnh Bc Liu',
    '02913 942 942',
    'Min Nam'
  ),
  (
    72,
    'VP HA BNH',
    'S 617 Quc L 1A, Th Trn Ha Bnh, Huyn Ha Bnh, Tnh Bc Liu',
    '02913 897 897',
    'Min Nam'
  ),
  (
    73,
    'VP KINH CNG',
    'Bn xe Kinh Cng, QL 61, S 950, p Cu Sng, X Tn Bnh, Huyn Phng HIp, Hu Giang',
    '02933 983 983',
    'Min Nam'
  ),
  (
    74,
    'VP M LONG',
    'QL30, p 2, x M Long, huyn Cao Lnh, tnh ng Thp.',
    '02773 853 999',
    'Min Nam'
  ),
  (
    75,
    'VP M TH',
    'QL30, Khm M Ty, th trn M Th, huyn Cao Lnh, tnh ng Thp',
    '02773 986 939',
    'Min Nam'
  ),
  (
    76,
    'VP NG 3 L T',
    'KV Thi Ha 1 - P.Thi Thun - Q.Tht Nt - TP Cn Th',
    '02923 642 668',
    'Min Nam'
  ),
  (
    77,
    'VP NI SAM',
    'Tn L Kiu Lng, P.Ni Sam,TP Chu c, An Giang',
    '02963 989 999',
    'Min Nam'
  ),
  (
    78,
    'VP PHONG IN',
    '353B p Th T - Th Trn Phong in - Huyn Phong in - TP Cn Th',
    '19006767',
    'Min Nam'
  ),
  (
    79,
    'VP RCH GI',
    'Bn xe Rch Gi, ng 260A Nguyn Bnh Khim, Phng Vnh Quang, TP Rch Gi, T Kin Giang',
    '02973 963 322',
    'Min Nam'
  ),
  (
    80,
    'VP RCH SI',
    'Bn xe tnh Kin Giang, Quc l 61, p Sua a, X Vnh Ha Hip, H. Chu Thnh, T Kin Giang',
    '19006916',
    'Min Nam'
  ),
  (
    81,
    'VP TN HIP',
    '81 Khu ph ng Hng, TT Tn Hip, H Tn Hip, T Kin Giang',
    '02973 733 668',
    'Min Nam'
  ),
  (
    82,
    'VP THT NT',
    'KV Qui Thnh 1 - P.Trung Kin - Q.tht Nt - TP Cn Th',
    '02923 851 060',
    'Min Nam'
  ),
  (
    83,
    'VP TH 3',
    'S 14, Khu ph 5, TT Th 3, H An Bin, T Kin Giang',
    '02973 822 828',
    'Min Nam'
  ),
  (
    84,
    'VP TR NC',
    '19/8 L Hng Phong - P.Tr Nc - Q.Bnh thy - TP Cn Th',
    '02923 730 779',
    'Min Nam'
  ),
  (
    85,
    'VP TRM DNG BN TRE',
    'ng V Nguyn Gip. p 1, x Sn ng, Tp. Bn Tre, Tnh Bn Tre',
    '02753 646 464',
    'Min Nam'
  ),
  (
    86,
    'VP TRI TN',
    'ng 3 thng 2, H.Tri Tn. An Giang',
    '02963 989 999',
    'Min Nam'
  ),
  (
    87,
    'VP VNH THUN',
    'Bn xe Vnh Thun, Khu ph Vnh Phc 2, TT Vnh Thun, H Vnh Thun, T Kin Giang',
    '02973 636 366',
    'Min Nam'
  ),
  (
    88,
    'VP VNH TRE',
    'S 1A, inh Tin Hong, Khm Vnh Thun,TT.Vnh Thnh Trung,H.Chu Ph,An Giang',
    '02963 989 999',
    'Min Nam'
  ),
  (
    89,
    'VP VNH TNG',
    '242 QL 61A, KV Bnh Tn, phng Vnh Tng, TX Long M, Hu Giang',
    '02933 993 993',
    'Min Nam'
  ),
  (
    90,
    'VP V TH SU',
    '17-19, V Th Su, Phng 2, TP Cao Lnh, tnh ng Thp',
    '02773 876 851',
    'Min Nam'
  ),
  (
    91,
    'VP XA L H NI',
    '798 +798A ,KP3, phng Hip Ph ,Tp.Th c',
    '19006067',
    'Min Nam'
  ),
  (
    92,
    'VP Y DC',
    '03 Mc Thin Tch, Phng 11, Qun 5, TP HCM',
    '02838 555 175',
    'Min Nam'
  ),
  (
    93,
    'VP. BN XE BIN HA',
    '04, Nguyn i Quc, Phng Quang Vinh, Tp. Bin Ha . T. ng Nai',
    '02518 890 638',
    'Min Nam'
  ),
  (
    94,
    'VP 172 L DUN',
    'S 172 L Dun,p.Tn Thnh, Tp. BUn Ma Thut,Tnh.k Lk',
    '02623 936 868',
    'Min Nam'
  ),
  (
    95,
    'VP BO LM',
    '95 Trn Ph,TT Lc Thng , Bo Lm , Lm ng',
    '02633 734 734',
    'Min Nam'
  ),
  (
    96,
    'VP BO LC',
    '399 Trn Ph, Phng Lc Sn, TP Bo lc',
    '02633 731 731',
    'Min Nam'
  ),
  (
    97,
    'VP BX  LT',
    'S 01 - T Hin Thnh- Phng 3 - TP  Lt - Lm ng',
    '19006070',
    'Min Nam'
  ),
  (
    98,
    'VP DI LINH',
    '735 Hng Vng,TT Di Linh- Lm ng',
    '02633 788 799',
    'Min Nam'
  ),
  (
    99,
    'VP DRAN',
    'TDP ng mi,TT Dran - n Dng, L',
    '02633 642 742',
    'Min Nam'
  ),
  (
    100,
    'VP C TRNG',
    '795 Quc l 20, Khu Ph 8, Th Trn Lin Ngha, Huyn c Trng, Tnh Lm ng',
    '02633 651 651',
    'Min Nam'
  ),
  (
    101,
    'VP FI NM',
    '14 T 13 - Ng 3 Finom- Hip Thnh- c Trng - L',
    '02633 658 678',
    'Min Nam'
  ),
  (
    102,
    'VP GIA NGHA',
    '226 Hai B Trng, P.Ngha Thnh, Tp.Gia Ngha. Tnh.k Nng',
    '02613 676 767',
    'Min Nam'
  ),
  (
    103,
    'VP HO NINH',
    'Ng 3 Ho Ninh - Di Linh- Lm ng',
    '02633 799 789',
    'Min Nam'
  ),
  (
    104,
    'VP KIN C',
    'Ki-ot s 08 , Nguyn Tt Thnh ( Thng Mi Kin c), TT Kin c, Huyn k RLp, Tnh k Nng',
    '02613 595 959',
    'Min Nam'
  ),
  (
    105,
    'VP L QU N',
    '11A/2 L Qu n, P5, Lt',
    '02633 582 582',
    'Min Nam'
  ),
  (
    106,
    'VP T HINE',
    'Ng 3 Ninh Gia- c Trng- Lm ng',
    '02633 628 638',
    'Min Nam'
  ),
  (
    107,
    'VP THNH M',
    'Khu Ph Ngha c - TT Thnh M - n Dng-L',
    '02633 646 646',
    'Min Nam'
  ),
  (
    108,
    'VP TRI MT',
    '07 Hunh Tn Pht -Phng 11,  Lt',
    '02633 535 558',
    'Min Nam'
  ),
  (
    109,
    '207 TY SN',
    '207 Ty Sn, Phng Quang Trung, Tp Quy Nhn, Bnh nh.',
    '02563 947 947',
    'Min Trung'
  ),
  (
    110,
    '210 NG GIA T',
    '210 Ng Gia T, P. Thanh Sn, TP. Phan Rang - Thp Chm, Ninh Thun',
    '02593 828 223',
    'Min Trung'
  ),
  (
    111,
    'AN NHN',
    '02 Nguyn Vn Linh, Phng Bnh nh, Tx An Nhn, Bnh nh.',
    '02563 789 889',
    'Min Trung'
  ),
  (
    112,
    'BN XE PHAN RANG',
    '52 L Dun, QL1A, P. i Sn, TP. Phan Rang - Thp Chm, Ninh Thun',
    '02593 828 222',
    'Min Trung'
  ),
  (
    113,
    'BN XE PHA BC HU',
    '132 L Thi T, P An Ha, Tp Hu',
    '02343 766 868',
    'Min Trung'
  ),
  (
    114,
    'BN XE PHA NAM',
    '97 An dng vng- phng An ng - TP Hu',
    '02343 870 870',
    'Min Trung'
  ),
  (
    115,
    'BN XE QUNG NGI',
    '02 Trn Khnh D, Phng Ngha Chnh, Thnh Ph Qung Ngi, Tnh Qung Ngi',
    '02553 839 839',
    'Min Trung'
  ),
  (
    116,
    'BN XE QUY NHN',
    'TT Quy Nhn, Phng Ghnh Rng, Tp Quy Nhn, Bnh nh.',
    '02563 946 166',
    'Min Trung'
  ),
  (
    117,
    'BNH SN',
    'S 01 L Th Hnh, Th Trn Chu , Huyn Bnh Sn, Tnh Qung Ngi',
    '02553 525 252',
    'Min Trung'
  ),
  (
    118,
    'BX BC PHAN THIT',
    '01 T Vn T, P. Ph Trinh, TP. Phan Thit, Bnh Thun',
    '02523 833 179',
    'Min Trung'
  ),
  (
    119,
    'BX NAM PHAN THIT',
    '64 Trn Qu Cp, P. c Long, TP. Phan Thit, Bnh Thun',
    '02523 730 252',
    'Min Trung'
  ),
  (
    120,
    'PH QU',
    '144 Quc L 1A, Ph Qu, TT. Phc Dn, H. Ninh Phc, Ninh Thun',
    '02593 841 222',
    'Min Trung'
  ),
  (
    121,
    'SNG V',
    'QL1A ,Thn 3, X c Nhun , Huyn M c , Tnh Qung Ngi',
    '02553 719 549',
    'Min Trung'
  ),
  (
    122,
    'VN PHNG 176 TRN QU CP',
    '176 Trn Qu Cp, Phng Phng Si, Thnh ph Nha Trang, Tnh Khnh Ho',
    '02583 560 093',
    'Min Trung'
  ),
  (
    123,
    'VN PHNG DIN KHNH',
    '62 Lc Long Qun, Th Trn Din Khnh, Huyn Din Khnh, Tnh Khnh Ho',
    '02583 851 851',
    'Min Trung'
  ),
  (
    124,
    'VN PHNG M CA',
    '240 i L Hng Vng, Phng Cam Ngha, Thnh ph Cam Ranh, Tnh Khnh Ho',
    '02583 977 968',
    'Min Trung'
  ),
  (
    125,
    'VN PHNG TAM K',
    '252 Nguyn Hong, Phng An Sn, Thnh Ph Tam K, Tnh Qung Nam',
    '02353 819 819',
    'Min Trung'
  ),
  (
    126,
    'VP 77 L LI',
    '77 L Li, Phng 03, thnh ph Tuy Ho, tnh Ph Yn',
    '02573 812 812',
    'Min Trung'
  ),
  (
    127,
    'VP BN XE CAM RANH',
    'S 01 L Dun, Phng Cam Lc, Thnh ph Cam Ranh, Tnh Khnh Ho',
    '02583 953 953',
    'Min Trung'
  ),
  (
    128,
    'VP BN XE  NNG',
    'S 97-99 Cao Sn Pho, Phng Ha An, Qun Cm L, TP  Nng',
    '02363 786 786',
    'Min Trung'
  ),
  (
    129,
    'VP BN XE I LC',
    '279 Hng Vng, TT i Ngha, huyn i Lc, tnh Qung Nam',
    '02353 747 747',
    'Min Trung'
  ),
  (
    130,
    'VP BN XE NAM TUY HO',
    '507 Nguyn Vn Linh, Phng Ph Lm, thnh ph Tuy Ho, tnh Ph Yn',
    '02573 793 793',
    'Min Trung'
  ),
  (
    131,
    'VP BN XE NINH HO',
    'QL1A, Km1421, T Dn ph Thanh Chu, Phng Ninh Giang, Th x Ninh Ho, Tnh Khnh Ho',
    '02583 645 666',
    'Min Trung'
  ),
  (
    132,
    'VP BN XE PHA BC',
    'S 01 ng 2/4, Phng Vnh Ho, Thnh ph Nha Trang, Tnh Khnh Ho',
    '02583 540 068',
    'Min Trung'
  ),
  (
    133,
    'VP BN XE PHA NAM',
    'Km6 ng 23/10, X Vnh Trung, Thnh ph Nha Trang, Tnh Khnh Ho',
    '02583 891 955',
    'Min Trung'
  ),
  (
    134,
    'VP CU BN LI',
    '326 ng 19 thng 4, P. Xun An, TP. Phan Thit, Bnh Thun',
    '02523 739 984',
    'Min Trung'
  ),
  (
    135,
    'VP NAM PHC',
    '284 in Bin Ph, th trn Nam Phc, huyn Duy Xuyn, Tnh Qung Nam',
    '02353 776 688',
    'Min Trung'
  ),
  (
    136,
    'VP NGUYN C CNH',
    '14 Nguyn c Cnh, Phng Phc Long, Thnh ph Nha Trang, Tnh Khnh Ho',
    '02583 880 079',
    'Min Trung'
  ),
  (
    137,
    'VP NGUYN TH MINH KHAI',
    '151 Nguyn Th Minh Khai, Phng Phc Ho, Thnh ph Nha Trang, Tnh Khnh Ho',
    '02583 876 079',
    'Min Trung'
  ),
  (
    138,
    'VP PHAN THIT (NI )',
    'B1 V Vn Kit, P. Ph Thy, TP. Phan Thit, Bnh Thun',
    '2523636636',
    'Min Trung'
  ),
  (
    139,
    'VP TRN PH',
    'S 16, . Trn Ph, P. Thch Thang, Q. Hi Chu, TP  Nng',
    '02363 786 786',
    'Min Trung'
  ),
  (
    140,
    'BN XE GIP BT',
    'KM S 6, ng Gii Phng, P. Hong Lit, Q. Hong Mai, H Ni',
    '02438 641 919',
    'Min Bc'
  ),
  (
    141,
    'BN XE NAM NH',
    'KM S 2, ng in Bin Ph, X. Lc Ha, TP. Nam nh, Nam nh',
    '02283 863 863',
    'Min Bc'
  );

-- --------------------------------------------------------
--
-- Table structure for table `controller`
--
CREATE TABLE `controller` (
  `controller_id` int(11) NOT NULL,
  `account_id` int(11) NOT NULL,
  `status` enum('active', 'inactive') NOT NULL DEFAULT 'active'
) ENGINE = InnoDB DEFAULT CHARSET = utf8mb4 COLLATE = utf8mb4_general_ci;

--
-- Dumping data for table `controller`
--
INSERT INTO
  `controller` (`controller_id`, `account_id`, `status`)
VALUES
  (1, 3, 'active'),
  (2, 9, 'inactive'),
  (3, 14, 'active');

-- --------------------------------------------------------
--
-- Table structure for table `customer`
--
CREATE TABLE `customer` (
  `customer_id` int(11) NOT NULL,
  `email` varchar(255) NOT NULL,
  `name` varchar(70) NOT NULL,
  `phone` varchar(12) NOT NULL
) ENGINE = InnoDB DEFAULT CHARSET = utf8mb4 COLLATE = utf8mb4_general_ci;

--
-- Dumping data for table `customer`
--
INSERT INTO
  `customer` (`customer_id`, `email`, `name`, `phone`)
VALUES
  (
    1,
    'customer1@localhost.com',
    'Customer One',
    '0987654323'
  ),
  (
    2,
    'customer2@localhost.com',
    'Customer Two',
    '0987654324'
  ),
  (
    3,
    'customer3@localhost.com',
    'Customer Three',
    '0987654328'
  ),
  (
    4,
    'customer4@localhost.com',
    'Customer Four',
    '0987654329'
  ),
  (
    5,
    'customer5@localhost.com',
    'Customer Five',
    '0987654334'
  ),
  (
    6,
    'customer6@localhost.com',
    'Customer Six',
    '0987654335'
  ),
  (
    7,
    'customer7@localhost.com',
    'Customer Seven',
    '0987654339'
  ),
  (
    8,
    'customer8@localhost.com',
    'Customer Eight',
    '0987654340'
  ),
  (
    9,
    'customer9@localhost.com',
    'Customer Nine',
    '0987654341'
  ),
  (
    10,
    'customer10@localhost.com',
    'Customer Ten',
    '0987654342'
  ),
  (
    11,
    'customer11@localhost.com',
    'Customer Eleven',
    '0987654343'
  ),
  (
    12,
    'customer12@localhost.com',
    'Customer Twelve',
    '0987654344'
  ),
  (
    13,
    'customer13@localhost.com',
    'Customer Thirteen',
    '0987654345'
  ),
  (
    14,
    'customer14@localhost.com',
    'Customer Fourteen',
    '0987654346'
  ),
  (
    15,
    'customer15@localhost.com',
    'Customer Fifteen',
    '0987654347'
  ),
  (
    16,
    'customer16@localhost.com',
    'Customer Sixteen',
    '0987654348'
  ),
  (
    17,
    'customer17@localhost.com',
    'Customer Seventeen',
    '0987654349'
  ),
  (
    18,
    'customer18@localhost.com',
    'Customer Eighteen',
    '0987654350'
  ),
  (
    19,
    'customer19@localhost.com',
    'Customer Nineteen',
    '0987654351'
  ),
  (
    20,
    'customer20@localhost.com',
    'Customer Twenty',
    '0987654352'
  );

-- --------------------------------------------------------
--
-- Table structure for table `driver`
--
CREATE TABLE `driver` (
  `driver_id` int(11) NOT NULL,
  `account_id` int(11) NOT NULL,
  `status` enum('active', 'inactive') NOT NULL DEFAULT 'active'
) ENGINE = InnoDB DEFAULT CHARSET = utf8mb4 COLLATE = utf8mb4_general_ci;

--
-- Dumping data for table `driver`
--
INSERT INTO
  `driver` (`driver_id`, `account_id`, `status`)
VALUES
  (1, 2, 'active'),
  (2, 7, 'active'),
  (3, 12, 'active'),
  (4, 18, 'inactive');

-- --------------------------------------------------------
--
-- Table structure for table `feedback`
--
CREATE TABLE `feedback` (
  `feedback_id` int(11) NOT NULL,
  `trip_id` int(11) NOT NULL,
  `account_id` int(11) NOT NULL,
  `comment` varchar(255) NOT NULL,
  `rating` smallint(5) NOT NULL
) ENGINE = InnoDB DEFAULT CHARSET = utf8mb4 COLLATE = utf8mb4_general_ci;

-- --------------------------------------------------------
--
-- Table structure for table `notification`
--
CREATE TABLE `notification` (
  `notification_id` int(11) NOT NULL,
  `type` enum('group', 'account') NOT NULL DEFAULT 'group',
  `subject` varchar(50) NOT NULL,
  `message` varchar(255) NOT NULL
) ENGINE = InnoDB DEFAULT CHARSET = utf8mb4 COLLATE = utf8mb4_general_ci;

-- --------------------------------------------------------
--
-- Table structure for table `permission`
--
CREATE TABLE `permission` (
  `permission_id` int(11) NOT NULL,
  `permission_name` varchar(50) NOT NULL
) ENGINE = InnoDB DEFAULT CHARSET = utf8mb4 COLLATE = utf8mb4_general_ci;

--
-- Dumping data for table `permission`
--
INSERT INTO
  `permission` (`permission_id`, `permission_name`)
VALUES
  (1, 'view_tickets'),
  (2, 'book_tickets'),
  (3, 'cancel_tickets'),
  (4, 'manage_users'),
  (5, 'manage_buses'),
  (6, 'view_reports'),
  (7, 'generate_reports');

-- --------------------------------------------------------
--
-- Table structure for table `role`
--
CREATE TABLE `role` (
  `role_id` int(11) NOT NULL,
  `role_name` varchar(50) NOT NULL
) ENGINE = InnoDB DEFAULT CHARSET = utf8mb4 COLLATE = utf8mb4_general_ci;

--
-- Dumping data for table `role`
--
INSERT INTO
  `role` (`role_id`, `role_name`)
VALUES
  (1, 'driver'),
  (2, 'controller'),
  (3, 'staff'),
  (4, 'customer'),
  (5, 'admin');

-- --------------------------------------------------------
--
-- Table structure for table `role_notification`
--
CREATE TABLE `role_notification` (
  `id` int(11) NOT NULL,
  `role_id` int(11) NOT NULL,
  `notification_id` int(11) NOT NULL
) ENGINE = InnoDB DEFAULT CHARSET = utf8mb4 COLLATE = utf8mb4_general_ci;

-- --------------------------------------------------------
--
-- Table structure for table `role_permission`
--
CREATE TABLE `role_permission` (
  `id` int(11) NOT NULL,
  `role_id` int(11) NOT NULL,
  `permission_id` int(11) NOT NULL
) ENGINE = InnoDB DEFAULT CHARSET = utf8mb4 COLLATE = utf8mb4_general_ci;

--
-- Dumping data for table `role_permission`
--
INSERT INTO
  `role_permission` (`id`, `role_id`, `permission_id`)
VALUES
  (1, 1, 1),
  (2, 1, 2),
  (3, 1, 3),
  (4, 2, 1),
  (5, 2, 2),
  (6, 2, 3),
  (7, 3, 1),
  (8, 3, 2),
  (9, 3, 3),
  (10, 3, 4),
  (11, 3, 5),
  (12, 3, 6),
  (13, 3, 7),
  (14, 4, 1),
  (15, 4, 2),
  (16, 4, 3),
  (17, 5, 1),
  (18, 5, 2),
  (19, 5, 3),
  (20, 5, 4),
  (21, 5, 5),
  (22, 5, 6),
  (23, 5, 7);

-- --------------------------------------------------------
--
-- Table structure for table `route`
--
CREATE TABLE `route` (
  `route_id` int(11) NOT NULL,
  `code` varchar(50) NOT NULL,
  `name` varchar(100) NOT NULL,
  `time` varchar(20) NOT NULL,
  `distance` float NOT NULL
) ENGINE = InnoDB DEFAULT CHARSET = utf8mb4 COLLATE = utf8mb4_general_ci;

--
-- Dumping data for table `route`
--
INSERT INTO
  `route` (`route_id`, `code`, `name`, `time`, `distance`)
VALUES
  (
    1,
    'BLHCM',
    'VP Bo Lc - BX Min ng Mi',
    '0000-00',
    150
  ),
  (
    2,
    'BR-VTHCM',
    'VP BX Vng Tu - BX Min Ty',
    '0000-00',
    140
  ),
  (
    3,
    'CDHCM',
    'BX Chu c - BX Min Ty',
    '0000-00',
    240
  ),
  (
    4,
    'CMCT',
    'BX C Mau - BX Cn Th',
    '0000-00',
    138
  ),
  (
    5,
    'CTCM',
    'BX Cn Th - BX C Mau',
    '0000-00',
    138
  ),
  (
    6,
    'CTHCM',
    'BX Cn Th - BX Min Ty',
    '0000-00',
    170
  ),
  (
    7,
    'CTRG',
    'BX Cn Th - VP BX Rch Gi',
    '0000-00',
    120
  ),
  (
    8,
    'DLHCM',
    'BX  Lt - BX Min Ty',
    '0000-00',
    320
  ),
  (
    9,
    'DNHCM',
    'BX Trung Tm  Nng - BX Min Ty',
    '0000-00',
    950
  ),
  (
    10,
    'DONAHCM',
    'VP Sui Linh - BX Min ng Mi',
    '0000-00',
    140
  ),
  (
    11,
    'DTHCM',
    'BX Sa c - BX Min Ty',
    '0000-00',
    140
  ),
  (
    12,
    'HCMBL',
    'BX Min ng Mi - VP Bo Lc',
    '0000-00',
    150
  ),
  (
    13,
    'HCMBR-VT',
    'BX Min Ty - VP BX Vng Tu',
    '0000-00',
    120
  ),
  (
    14,
    'HCMCD',
    'BX Min Ty - BX Chu c',
    '0000-00',
    240
  ),
  (
    15,
    'HCMCT',
    'BX Min Ty - BX Cn Th',
    '0000-00',
    170
  ),
  (
    16,
    'HCMDL',
    'BX Min Ty - BX  Lt',
    '0000-00',
    320
  ),
  (
    17,
    'HCMDN',
    'BX Min Ty - BX Trung Tm  Nng',
    '0000-00',
    950
  ),
  (
    18,
    'HCMDONA',
    'BX Min ng Mi - VP Sui Linh',
    '0000-00',
    140
  ),
  (
    19,
    'HCMDT',
    'BX Min Ty - BX Sa c',
    '0000-00',
    140
  ),
  (
    20,
    'HCMLX ',
    'BX Min Ty - BX Long Xuyn',
    '0000-00',
    190
  ),
  (
    21,
    'HCMNT ',
    'BX Min ng Mi - VP Nguyn Th Minh Khai (Nha Trang)',
    '0000-00',
    388
  ),
  (
    22,
    'HCMPT',
    'BX Min ng Mi - VP Mi N',
    '0000-00',
    200
  ),
  (
    23,
    'HCMQNG',
    'BX Min Ty - Bn Xe Qung Ngi',
    '0000-00',
    780
  ),
  (
    24,
    'HCMQNH',
    'BX Min Ty - Bn Xe Quy Nhn',
    '0000-00',
    650
  ),
  (
    25,
    'HCMRG',
    'BX Min Ty - VP BX Rch Gi',
    '0000-00',
    270
  ),
  (
    26,
    'HCMTH',
    'BX An Sng - BX Nam Tuy Ha',
    '0000-00',
    400
  ),
  (
    27,
    'HCMTN',
    'BX An Sng - BX Ty Ninh',
    '0000-00',
    100
  ),
  (
    28,
    'HCMTTH',
    'BX Min Ty - Bn xe Pha Nam Hu',
    '0000-00',
    1043
  ),
  (
    29,
    'HCMTV',
    'BX Min Ty - BX Tr vinh',
    '0000-00',
    130
  ),
  (
    30,
    'LXHCM',
    'BX Long Xuyn - BX Min Ty',
    '0000-00',
    190
  ),
  (
    31,
    'NTHCM',
    'VP Nguyn Th Minh Khai (Nha Trang)- BX Min ng Mi',
    '0000-00',
    388
  ),
  (
    32,
    'PTHCM',
    'VP Mi N - BX Min ng Mi',
    '0000-00',
    200
  ),
  (
    33,
    'QNGHCM',
    'Bn Xe Qung Ngi - BX Min Ty',
    '0000-00',
    780
  ),
  (
    34,
    'QNHHCM',
    'Bn Xe Quy Nhn - BX Min Ty',
    '0000-00',
    650
  ),
  (
    35,
    'RGCT',
    'VP BX Rch Gi - BX Cn Th',
    '0000-00',
    120
  ),
  (
    36,
    'RGHCM',
    'VP BX Rch Gi - BX Min Ty',
    '0000-00',
    270
  ),
  (
    37,
    'THHCM',
    'BX An Sng - BX Nam Tuy Ha ',
    '0000-00',
    400
  ),
  (
    38,
    'TNHCM',
    'BX Ty Ninh - BX An Sng',
    '0000-00',
    100
  ),
  (
    39,
    'TTHHCM',
    'Bn xe Pha Nam Hu - BX Min Ty',
    '0000-00',
    850
  ),
  (
    40,
    'TVHCM',
    'BX Tr Vinh - BX Min Ty',
    '0000-00',
    130
  );

-- --------------------------------------------------------
--
-- Table structure for table `route_checkpoint`
--
CREATE TABLE `route_checkpoint` (
  `id` int(11) NOT NULL,
  `route_code` varchar(50) NOT NULL,
  `checkpoint_id` smallint(6) NOT NULL,
  `checkpoint_order` tinyint(15) NOT NULL,
  `checkpoint_city` varchar(100) NOT NULL,
  `checkpoint_province` varchar(100) NOT NULL,
  `type` enum('departure', 'drop_off', 'en_route', 'rest') NOT NULL DEFAULT 'departure'
) ENGINE = InnoDB DEFAULT CHARSET = utf8mb4 COLLATE = utf8mb4_general_ci;

--
-- Dumping data for table `route_checkpoint`
--
INSERT INTO
  `route_checkpoint` (
    `id`,
    `route_code`,
    `checkpoint_id`,
    `checkpoint_order`,
    `checkpoint_city`,
    `checkpoint_province`,
    `type`
  )
VALUES
  (
    1,
    'BLHCM',
    26,
    2,
    '',
    'TP.H Ch Minh',
    'drop_off'
  ),
  (
    2,
    'BLHCM',
    96,
    1,
    'Bo Lc',
    'Lm ng',
    'departure'
  ),
  (3, 'BR-VTHCM', 15, 1, '', 'BRVT', 'departure'),
  (
    4,
    'BR-VTHCM',
    27,
    2,
    '',
    'TP.H Ch Minh',
    'drop_off'
  ),
  (
    5,
    'CDHCM',
    10,
    1,
    'Chu c',
    'An Giang',
    'departure'
  ),
  (
    6,
    'CDHCM',
    27,
    2,
    '',
    'TP.H Ch Minh',
    'drop_off'
  ),
  (7, 'CMCT', 9, 1, '', 'C Mau', 'departure'),
  (8, 'CMCT', 14, 2, '', 'Cn Th', 'drop_off'),
  (9, 'CTCM', 9, 2, '', 'C Mau', 'drop_off'),
  (10, 'CTCM', 14, 1, '', 'Cn Th', 'departure'),
  (11, 'CTHCM', 14, 1, '', 'Cn Th', 'departure'),
  (
    12,
    'CTHCM',
    27,
    3,
    '',
    'TP.H Ch Minh',
    'drop_off'
  ),
  (13, 'CTHCM', 52, 2, '', 'Tin Giang', 'rest'),
  (14, 'CTRG', 14, 1, '', 'Cn Th', 'departure'),
  (
    15,
    'CTRG',
    79,
    2,
    'Rch Gi',
    'Kin Giang',
    'drop_off'
  ),
  (
    16,
    'DLHCM',
    27,
    3,
    '',
    'TP.H Ch Minh',
    'drop_off'
  ),
  (17, 'DLHCM', 59, 2, '', 'ng Nai', 'rest'),
  (
    18,
    'DLHCM',
    97,
    1,
    ' Lt',
    'Lm ng',
    'departure'
  ),
  (
    19,
    'DNHCM',
    27,
    2,
    '',
    'TP.H Ch Minh',
    'drop_off'
  ),
  (20, 'DNHCM', 128, 1, '', ' Nng', 'departure'),
  (
    21,
    'DONAHCM',
    26,
    2,
    'Th c',
    'TP.H Ch Minh',
    'drop_off'
  ),
  (
    22,
    'DONAHCM',
    58,
    1,
    'Bin Ho ',
    'ng Nai',
    'departure'
  ),
  (
    23,
    'DTHCM',
    27,
    3,
    '',
    'TP.H Ch Minh',
    'drop_off'
  ),
  (
    24,
    'DTHCM',
    30,
    1,
    'Sa c',
    'ng Thp',
    'departure'
  ),
  (25, 'DTHCM', 52, 2, '', 'Tin Giang', 'rest'),
  (
    26,
    'HCMBL',
    26,
    1,
    '',
    'TP.H Ch Minh',
    'departure'
  ),
  (
    27,
    'HCMBL',
    96,
    2,
    'Bo Lc',
    'Lm ng',
    'drop_off'
  ),
  (28, 'HCMBR-VT', 15, 2, '', 'BRVT', 'drop_off'),
  (
    29,
    'HCMBR-VT',
    27,
    1,
    '',
    'TP.H Ch Minh',
    'departure'
  ),
  (
    30,
    'HCMCD',
    10,
    2,
    'Chu c',
    'An Giang',
    'drop_off'
  ),
  (
    31,
    'HCMCD',
    27,
    1,
    '',
    'TP.H Ch Minh',
    'departure'
  ),
  (32, 'HCMCT', 14, 3, '', 'Cn Th', 'drop_off'),
  (
    33,
    'HCMCT',
    27,
    1,
    '',
    'TP.H Ch Minh',
    'departure'
  ),
  (34, 'HCMCT', 52, 2, '', 'Tin Giang', 'rest'),
  (
    35,
    'HCMDL',
    27,
    1,
    '',
    'TP.H Ch Minh',
    'departure'
  ),
  (36, 'HCMDL', 59, 2, '', 'ng Nai', 'rest'),
  (
    37,
    'HCMDL',
    97,
    3,
    ' Lt',
    'Lm ng',
    'drop_off'
  ),
  (
    38,
    'HCMDN',
    27,
    1,
    '',
    'TP.H Ch Minh',
    'departure'
  ),
  (39, 'HCMDN', 128, 2, '', ' Nng', 'drop_off'),
  (
    40,
    'HCMDONA',
    26,
    1,
    'Th c',
    'TP.H Ch Minh',
    'departure'
  ),
  (
    41,
    'HCMDONA',
    58,
    2,
    'Bin Ho ',
    'ng Nai',
    'drop_off'
  ),
  (
    42,
    'HCMDT',
    27,
    1,
    '',
    'TP.H Ch Minh',
    'departure'
  ),
  (
    43,
    'HCMDT',
    30,
    2,
    'Sa c',
    'ng Thp',
    'drop_off'
  ),
  (44, 'HCMDT', 52, 2, '', 'Tin Giang', 'rest'),
  (
    45,
    'HCMLX ',
    24,
    2,
    'Long Xuyn',
    'An Giang',
    'drop_off'
  ),
  (
    46,
    'HCMLX ',
    27,
    1,
    '',
    'TP.H Ch Minh',
    'departure'
  ),
  (
    47,
    'HCMNT ',
    26,
    1,
    'Th c',
    'TP.H Ch Minh',
    'departure'
  ),
  (
    48,
    'HCMNT ',
    137,
    2,
    'Nha Trang',
    'Khnh Ho',
    'drop_off'
  ),
  (
    49,
    'HCMPT',
    26,
    1,
    'Th c',
    'TP.H Ch Minh',
    'departure'
  ),
  (
    50,
    'HCMPT',
    50,
    2,
    'Phan Thit ',
    'Bnh Thun',
    'drop_off'
  ),
  (
    51,
    'HCMQNG',
    27,
    1,
    '',
    'TP.H Ch Minh',
    'departure'
  ),
  (
    52,
    'HCMQNG',
    115,
    2,
    '',
    'Qung Ngi',
    'drop_off'
  ),
  (
    53,
    'HCMQNH',
    27,
    1,
    '',
    'TP.H Ch Minh',
    'departure'
  ),
  (
    54,
    'HCMQNH',
    116,
    2,
    'Quy Nhn',
    'Bnh nh',
    'drop_off'
  ),
  (
    55,
    'HCMRG',
    27,
    1,
    '',
    'TP.H Ch Minh',
    'departure'
  ),
  (
    56,
    'HCMRG',
    79,
    2,
    'Rch Gi',
    'Kin Giang',
    'drop_off'
  ),
  (
    57,
    'HCMTH',
    18,
    1,
    '',
    'TP.H Ch Minh',
    'departure'
  ),
  (
    58,
    'HCMTH',
    130,
    2,
    'Tuy Ho ',
    'Ph Yn',
    'drop_off'
  ),
  (
    59,
    'HCMTN',
    18,
    1,
    '',
    'TP.H Ch Minh',
    'departure'
  ),
  (60, 'HCMTN', 33, 2, '', 'Ty Ninh', 'drop_off'),
  (
    61,
    'HCMTTH',
    27,
    1,
    '',
    'TP.H Ch Minh',
    'departure'
  ),
  (62, 'HCMTTH', 114, 2, '', 'Hu ', 'drop_off'),
  (
    63,
    'HCMTV',
    27,
    1,
    '',
    'TP.H Ch Minh',
    'departure'
  ),
  (64, 'HCMTV', 35, 4, '', 'Tr Vinh', 'drop_off'),
  (65, 'HCMTV', 52, 2, '', 'Tin Giang', 'rest'),
  (66, 'HCMTV', 85, 3, '', 'Bn Tre', 'en_route'),
  (
    67,
    'LXHCM',
    24,
    1,
    'Long Xuyn',
    'An Giang',
    'departure'
  ),
  (
    68,
    'LXHCM',
    27,
    2,
    '',
    'TP.H Ch Minh',
    'drop_off'
  ),
  (
    69,
    'NTHCM',
    26,
    2,
    'Th c',
    'TP.H Ch Minh',
    'drop_off'
  ),
  (
    70,
    'NTHCM',
    137,
    1,
    'Nha Trang',
    'Khnh Ho',
    'departure'
  ),
  (
    71,
    'PTHCM',
    26,
    2,
    'Th c',
    'TP.H Ch Minh',
    'drop_off'
  ),
  (
    72,
    'PTHCM',
    50,
    1,
    'Phan Thit ',
    'Bnh Thun',
    'departure'
  ),
  (
    73,
    'QNGHCM',
    27,
    2,
    '',
    'TP.H Ch Minh',
    'drop_off'
  ),
  (
    74,
    'QNGHCM',
    115,
    1,
    '',
    'Qung Ngi',
    'departure'
  ),
  (
    75,
    'QNHHCM',
    27,
    2,
    '',
    'TP.H Ch Minh',
    'drop_off'
  ),
  (
    76,
    'QNHHCM',
    116,
    1,
    'Quy Nhn',
    'Bnh nh',
    'departure'
  ),
  (77, 'RGCT', 14, 2, '', 'Cn Th', 'drop_off'),
  (
    78,
    'RGCT',
    79,
    1,
    'Rch Gi',
    'Kin Giang',
    'departure'
  ),
  (
    79,
    'RGHCM',
    27,
    2,
    '',
    'TP.H Ch Minh',
    'drop_off'
  ),
  (
    80,
    'RGHCM',
    79,
    1,
    'Rch Gi',
    'Kin Giang',
    'departure'
  ),
  (
    81,
    'THHCM',
    18,
    2,
    '',
    'TP.H Ch Minh',
    'drop_off'
  ),
  (
    82,
    'THHCM',
    130,
    1,
    'Tuy Ho ',
    'Ph Yn',
    'departure'
  ),
  (
    83,
    'TNHCM',
    18,
    2,
    '',
    'TP.H Ch Minh',
    'drop_off'
  ),
  (84, 'TNHCM', 33, 1, '', 'Ty Ninh', 'departure'),
  (
    85,
    'TTHHCM',
    27,
    2,
    '',
    'TP.H Ch Minh',
    'drop_off'
  ),
  (86, 'TTHHCM', 114, 1, '', 'Hu ', 'departure'),
  (
    87,
    'TVHCM',
    27,
    4,
    '',
    'TP.H Ch Minh',
    'drop_off'
  ),
  (88, 'TVHCM', 35, 1, '', 'Tr Vinh', 'departure'),
  (89, 'TVHCM', 52, 3, '', 'Tin Giang', 'rest'),
  (90, 'TVHCM', 85, 2, '', 'Bn Tre', 'en_route');

-- --------------------------------------------------------
--
-- Table structure for table `seat_reservations`
--
CREATE TABLE `seat_reservations` (
  `id` int(11) NOT NULL,
  `seat_id` int(11) NOT NULL,
  `booking_id` int(11) DEFAULT NULL,
  `trip_id` int(11) NOT NULL,
  `status` enum('open', 'reserved', 'booked') NOT NULL DEFAULT 'open'
) ENGINE = InnoDB DEFAULT CHARSET = utf8mb4 COLLATE = utf8mb4_general_ci;

--
-- Dumping data for table `seat_reservations`
--
INSERT INTO
  `seat_reservations` (
    `id`,
    `seat_id`,
    `booking_id`,
    `trip_id`,
    `status`
  )
VALUES
  (1, 1225, NULL, 87, 'open'),
  (2, 1226, NULL, 87, 'open'),
  (3, 1227, NULL, 87, 'open'),
  (4, 1228, NULL, 87, 'open'),
  (5, 1229, NULL, 87, 'open'),
  (6, 1230, NULL, 87, 'open'),
  (7, 1231, NULL, 87, 'open'),
  (8, 1232, NULL, 87, 'open'),
  (9, 1233, NULL, 87, 'open'),
  (10, 1234, NULL, 87, 'open'),
  (11, 1235, NULL, 87, 'open'),
  (12, 1236, NULL, 87, 'open'),
  (13, 1237, NULL, 87, 'open'),
  (14, 1238, NULL, 87, 'open'),
  (15, 1239, NULL, 87, 'open'),
  (16, 1240, NULL, 87, 'open'),
  (17, 1241, NULL, 87, 'open'),
  (18, 1242, NULL, 87, 'open'),
  (19, 1243, NULL, 87, 'open'),
  (20, 1244, NULL, 87, 'open'),
  (21, 1245, NULL, 87, 'open'),
  (22, 1246, NULL, 87, 'open'),
  (23, 1247, NULL, 87, 'open'),
  (24, 1248, NULL, 87, 'open'),
  (25, 1249, NULL, 87, 'open'),
  (26, 1250, NULL, 87, 'open'),
  (27, 1251, NULL, 87, 'open'),
  (28, 1252, NULL, 87, 'open'),
  (29, 1253, NULL, 87, 'open'),
  (30, 1254, NULL, 87, 'open'),
  (31, 1255, NULL, 87, 'open'),
  (32, 1256, NULL, 87, 'open'),
  (33, 1257, NULL, 87, 'open'),
  (34, 1258, NULL, 87, 'open'),
  (35, 1259, NULL, 87, 'open'),
  (36, 1260, NULL, 87, 'open'),
  (37, 1225, NULL, 156, 'open'),
  (38, 1226, NULL, 156, 'open'),
  (39, 1227, NULL, 156, 'open'),
  (40, 1228, NULL, 156, 'open'),
  (41, 1229, NULL, 156, 'open'),
  (42, 1230, NULL, 156, 'open'),
  (43, 1231, NULL, 156, 'open'),
  (44, 1232, NULL, 156, 'open'),
  (45, 1233, NULL, 156, 'open'),
  (46, 1234, NULL, 156, 'open'),
  (47, 1235, NULL, 156, 'open'),
  (48, 1236, NULL, 156, 'open'),
  (49, 1237, NULL, 156, 'open'),
  (50, 1238, NULL, 156, 'open'),
  (51, 1239, NULL, 156, 'open'),
  (52, 1240, NULL, 156, 'open'),
  (53, 1241, NULL, 156, 'open'),
  (54, 1242, NULL, 156, 'open'),
  (55, 1243, NULL, 156, 'open'),
  (56, 1244, NULL, 156, 'open'),
  (57, 1245, NULL, 156, 'open'),
  (58, 1246, NULL, 156, 'open'),
  (59, 1247, NULL, 156, 'open'),
  (60, 1248, NULL, 156, 'open'),
  (61, 1249, NULL, 156, 'open'),
  (62, 1250, NULL, 156, 'open'),
  (63, 1251, NULL, 156, 'open'),
  (64, 1252, NULL, 156, 'open'),
  (65, 1253, NULL, 156, 'open'),
  (66, 1254, NULL, 156, 'open'),
  (67, 1255, NULL, 156, 'open'),
  (68, 1256, NULL, 156, 'open'),
  (69, 1257, NULL, 156, 'open'),
  (70, 1258, NULL, 156, 'open'),
  (71, 1259, NULL, 156, 'open'),
  (72, 1260, NULL, 156, 'open');

-- --------------------------------------------------------
--
-- Table structure for table `spring_session`
--
CREATE TABLE `spring_session` (
  `PRIMARY_ID` char(36) NOT NULL,
  `SESSION_ID` char(36) NOT NULL,
  `CREATION_TIME` bigint(20) NOT NULL,
  `LAST_ACCESS_TIME` bigint(20) NOT NULL,
  `MAX_INACTIVE_INTERVAL` int(11) NOT NULL,
  `EXPIRY_TIME` bigint(20) NOT NULL,
  `PRINCIPAL_NAME` varchar(100) NOT NULL
) ENGINE = InnoDB DEFAULT CHARSET = utf8mb4 COLLATE = utf8mb4_general_ci;

-- --------------------------------------------------------
--
-- Table structure for table `staff`
--
CREATE TABLE `staff` (
  `staff_id` int(11) NOT NULL,
  `account_id` int(11) NOT NULL,
  `status` enum('active', 'inactive') NOT NULL DEFAULT 'active'
) ENGINE = InnoDB DEFAULT CHARSET = utf8mb4 COLLATE = utf8mb4_general_ci;

--
-- Dumping data for table `staff`
--
INSERT INTO
  `staff` (`staff_id`, `account_id`, `status`)
VALUES
  (1, 4, 'active'),
  (2, 8, 'active'),
  (3, 15, 'active'),
  (4, 20, 'active'),
  (5, 16, 'active');

-- --------------------------------------------------------
--
-- Table structure for table `trip`
--
CREATE TABLE `trip` (
  `trip_id` int(11) NOT NULL,
  `departure_time` datetime NOT NULL,
  `arrival_time` datetime NOT NULL,
  `price` float NOT NULL,
  `status` enum('finished', 'arriving', 'waiting', 'started') NOT NULL DEFAULT 'waiting',
  `bus_id` varchar(12) NOT NULL,
  `driver_id` int(11) NOT NULL,
  `controller_id` int(11) NOT NULL,
  `staff_id` int(11) NOT NULL,
  `route_code` varchar(50) NOT NULL
) ENGINE = InnoDB DEFAULT CHARSET = utf8mb4 COLLATE = utf8mb4_general_ci;

--
-- Dumping data for table `trip`
--
INSERT INTO
  `trip` (
    `trip_id`,
    `departure_time`,
    `arrival_time`,
    `price`,
    `status`,
    `bus_id`,
    `driver_id`,
    `controller_id`,
    `staff_id`,
    `route_code`
  )
VALUES
  (
    1,
    '2024-11-05 22:47:52',
    '2024-10-14 22:47:52',
    67.19,
    'arriving',
    '43F.666-003',
    3,
    2,
    3,
    'DTHCM'
  ),
  (
    2,
    '2024-09-27 22:47:52',
    '2024-11-21 22:47:52',
    73.01,
    'finished',
    '36F.666-027',
    3,
    2,
    3,
    'DTHCM'
  ),
  (
    3,
    '2024-10-29 22:47:52',
    '2024-11-14 22:47:52',
    35.79,
    'waiting',
    '92F.555-048',
    3,
    2,
    3,
    'DTHCM'
  ),
  (
    4,
    '2024-11-06 22:47:52',
    '2024-11-03 22:47:52',
    48.4,
    'waiting',
    '43F.666-003',
    1,
    2,
    3,
    'DTHCM'
  ),
  (
    5,
    '2024-10-30 22:47:52',
    '2024-11-05 22:47:52',
    89.88,
    'waiting',
    '36F.666-027',
    1,
    2,
    3,
    'DTHCM'
  ),
  (
    6,
    '2024-10-28 22:47:52',
    '2024-11-25 22:47:52',
    116.58,
    'waiting',
    '92F.555-048',
    1,
    2,
    3,
    'DTHCM'
  ),
  (
    7,
    '2024-11-19 22:47:52',
    '2024-10-12 22:47:52',
    97.37,
    'finished',
    '43F.666-003',
    4,
    2,
    3,
    'DTHCM'
  ),
  (
    8,
    '2024-11-01 22:47:52',
    '2024-10-13 22:47:52',
    101.38,
    'arriving',
    '36F.666-027',
    4,
    2,
    3,
    'DTHCM'
  ),
  (
    9,
    '2024-11-05 22:47:52',
    '2024-11-04 22:47:52',
    107.5,
    'arriving',
    '92F.555-048',
    4,
    2,
    3,
    'DTHCM'
  ),
  (
    10,
    '2024-11-23 22:47:52',
    '2024-11-18 22:47:52',
    75.03,
    'arriving',
    '43F.666-003',
    3,
    1,
    3,
    'DTHCM'
  ),
  (
    11,
    '2024-11-01 22:47:52',
    '2024-10-10 22:47:52',
    62.42,
    'waiting',
    '36F.666-027',
    3,
    1,
    3,
    'DTHCM'
  ),
  (
    12,
    '2024-11-05 22:47:52',
    '2024-11-15 22:47:52',
    119.19,
    'finished',
    '92F.555-048',
    3,
    1,
    3,
    'DTHCM'
  ),
  (
    13,
    '2024-11-07 22:47:52',
    '2024-10-22 22:47:52',
    28.33,
    'finished',
    '43F.666-003',
    1,
    1,
    3,
    'DTHCM'
  ),
  (
    14,
    '2024-10-30 22:47:52',
    '2024-11-05 22:47:52',
    48.59,
    'arriving',
    '36F.666-027',
    1,
    1,
    3,
    'DTHCM'
  ),
  (
    15,
    '2024-11-02 22:47:52',
    '2024-11-03 22:47:52',
    69.06,
    'arriving',
    '92F.555-048',
    1,
    1,
    3,
    'DTHCM'
  ),
  (
    16,
    '2024-10-18 22:47:52',
    '2024-10-09 22:47:52',
    71.03,
    'arriving',
    '43F.666-003',
    4,
    1,
    3,
    'DTHCM'
  ),
  (
    17,
    '2024-11-19 22:47:52',
    '2024-10-12 22:47:52',
    93.6,
    'finished',
    '36F.666-027',
    4,
    1,
    3,
    'DTHCM'
  ),
  (
    18,
    '2024-10-23 22:47:52',
    '2024-10-09 22:47:52',
    75.77,
    'finished',
    '92F.555-048',
    4,
    1,
    3,
    'DTHCM'
  ),
  (
    19,
    '2024-10-02 22:47:52',
    '2024-11-09 22:47:52',
    77.07,
    'arriving',
    '43F.666-003',
    3,
    3,
    3,
    'DTHCM'
  ),
  (
    20,
    '2024-11-17 22:47:52',
    '2024-10-31 22:47:52',
    36.56,
    'finished',
    '36F.666-027',
    3,
    3,
    3,
    'DTHCM'
  ),
  (
    21,
    '2024-11-03 22:47:52',
    '2024-10-11 22:47:52',
    20.51,
    'started',
    '92F.555-048',
    3,
    3,
    3,
    'DTHCM'
  ),
  (
    22,
    '2024-11-03 22:47:52',
    '2024-10-27 22:47:52',
    35.75,
    'waiting',
    '43F.666-003',
    1,
    3,
    3,
    'DTHCM'
  ),
  (
    23,
    '2024-11-02 22:47:52',
    '2024-10-14 22:47:52',
    47.61,
    'finished',
    '36F.666-027',
    1,
    3,
    3,
    'DTHCM'
  ),
  (
    24,
    '2024-10-28 22:47:52',
    '2024-11-04 22:47:52',
    50.13,
    'waiting',
    '92F.555-048',
    1,
    3,
    3,
    'DTHCM'
  ),
  (
    25,
    '2024-10-25 22:47:52',
    '2024-10-17 22:47:52',
    41.22,
    'finished',
    '43F.666-003',
    4,
    3,
    3,
    'DTHCM'
  ),
  (
    26,
    '2024-11-03 22:47:52',
    '2024-11-12 22:47:52',
    89.65,
    'waiting',
    '36F.666-027',
    4,
    3,
    3,
    'DTHCM'
  ),
  (
    27,
    '2024-10-26 22:47:52',
    '2024-11-20 22:47:52',
    50.65,
    'arriving',
    '92F.555-048',
    4,
    3,
    3,
    'DTHCM'
  ),
  (
    28,
    '2024-11-15 22:47:52',
    '2024-11-24 22:47:52',
    115.46,
    'arriving',
    '43F.666-003',
    3,
    2,
    1,
    'DTHCM'
  ),
  (
    29,
    '2024-09-28 22:47:52',
    '2024-10-21 22:47:52',
    94.56,
    'finished',
    '36F.666-027',
    3,
    2,
    1,
    'DTHCM'
  ),
  (
    30,
    '2024-11-02 22:47:52',
    '2024-10-02 22:47:52',
    82.33,
    'arriving',
    '92F.555-048',
    3,
    2,
    1,
    'DTHCM'
  ),
  (
    31,
    '2024-10-19 22:47:52',
    '2024-11-05 22:47:52',
    28.68,
    'waiting',
    '43F.666-003',
    1,
    2,
    1,
    'DTHCM'
  ),
  (
    32,
    '2024-10-24 22:47:52',
    '2024-10-27 22:47:52',
    38.18,
    'waiting',
    '36F.666-027',
    1,
    2,
    1,
    'DTHCM'
  ),
  (
    33,
    '2024-11-18 22:47:52',
    '2024-11-22 22:47:52',
    70.61,
    'arriving',
    '92F.555-048',
    1,
    2,
    1,
    'DTHCM'
  ),
  (
    34,
    '2024-10-05 22:47:52',
    '2024-10-02 22:47:52',
    103.89,
    'waiting',
    '43F.666-003',
    4,
    2,
    1,
    'DTHCM'
  ),
  (
    35,
    '2024-10-12 22:47:52',
    '2024-11-10 22:47:52',
    25.94,
    'waiting',
    '36F.666-027',
    4,
    2,
    1,
    'DTHCM'
  ),
  (
    36,
    '2024-10-26 22:47:52',
    '2024-10-24 22:47:52',
    74.8,
    'waiting',
    '92F.555-048',
    4,
    2,
    1,
    'DTHCM'
  ),
  (
    37,
    '2024-10-05 22:47:52',
    '2024-10-17 22:47:52',
    77.27,
    'finished',
    '43F.666-003',
    3,
    1,
    1,
    'DTHCM'
  ),
  (
    38,
    '2024-11-23 22:47:52',
    '2024-10-14 22:47:52',
    47.04,
    'arriving',
    '36F.666-027',
    3,
    1,
    1,
    'DTHCM'
  ),
  (
    39,
    '2024-10-24 22:47:52',
    '2024-10-06 22:47:52',
    93.27,
    'waiting',
    '92F.555-048',
    3,
    1,
    1,
    'DTHCM'
  ),
  (
    40,
    '2024-11-23 22:47:52',
    '2024-10-28 22:47:52',
    53.63,
    'waiting',
    '43F.666-003',
    1,
    1,
    1,
    'DTHCM'
  ),
  (
    41,
    '2024-09-29 22:47:52',
    '2024-10-04 22:47:52',
    83.62,
    'finished',
    '36F.666-027',
    1,
    1,
    1,
    'DTHCM'
  ),
  (
    42,
    '2024-10-16 22:47:52',
    '2024-10-18 22:47:52',
    66.98,
    'waiting',
    '92F.555-048',
    1,
    1,
    1,
    'DTHCM'
  ),
  (
    43,
    '2024-10-09 22:47:52',
    '2024-10-15 22:47:52',
    91.24,
    'waiting',
    '43F.666-003',
    4,
    1,
    1,
    'DTHCM'
  ),
  (
    44,
    '2024-10-25 22:47:52',
    '2024-11-03 22:47:52',
    89.52,
    'waiting',
    '36F.666-027',
    4,
    1,
    1,
    'DTHCM'
  ),
  (
    45,
    '2024-10-12 22:47:52',
    '2024-10-04 22:47:52',
    65.02,
    'finished',
    '92F.555-048',
    4,
    1,
    1,
    'DTHCM'
  ),
  (
    46,
    '2024-11-08 22:47:52',
    '2024-09-26 22:47:52',
    75.45,
    'waiting',
    '43F.666-003',
    3,
    3,
    1,
    'DTHCM'
  ),
  (
    47,
    '2024-10-13 22:47:52',
    '2024-10-24 22:47:52',
    117.46,
    'arriving',
    '36F.666-027',
    3,
    3,
    1,
    'DTHCM'
  ),
  (
    48,
    '2024-10-02 22:47:52',
    '2024-11-05 22:47:52',
    115.69,
    'waiting',
    '92F.555-048',
    3,
    3,
    1,
    'DTHCM'
  ),
  (
    49,
    '2024-10-07 22:47:52',
    '2024-11-12 22:47:52',
    84.11,
    'arriving',
    '43F.666-003',
    1,
    3,
    1,
    'DTHCM'
  ),
  (
    50,
    '2024-10-11 22:47:52',
    '2024-11-21 22:47:52',
    41.69,
    'arriving',
    '36F.666-027',
    1,
    3,
    1,
    'DTHCM'
  ),
  (
    51,
    '2024-11-21 22:47:52',
    '2024-11-07 22:47:52',
    65.11,
    'finished',
    '92F.555-048',
    1,
    3,
    1,
    'DTHCM'
  ),
  (
    52,
    '2024-11-13 22:47:52',
    '2024-10-11 22:47:52',
    117.17,
    'finished',
    '43F.666-003',
    4,
    3,
    1,
    'DTHCM'
  ),
  (
    53,
    '2024-10-04 22:47:52',
    '2024-09-27 22:47:52',
    60.68,
    'arriving',
    '36F.666-027',
    4,
    3,
    1,
    'DTHCM'
  ),
  (
    54,
    '2024-11-01 22:47:52',
    '2024-10-01 22:47:52',
    83.86,
    'arriving',
    '92F.555-048',
    4,
    3,
    1,
    'DTHCM'
  ),
  (
    55,
    '2024-10-14 22:47:52',
    '2024-11-02 22:47:52',
    52.95,
    'finished',
    '43F.666-003',
    3,
    2,
    2,
    'DTHCM'
  ),
  (
    56,
    '2024-10-07 22:47:52',
    '2024-10-21 22:47:52',
    83.42,
    'arriving',
    '36F.666-027',
    3,
    2,
    2,
    'DTHCM'
  ),
  (
    57,
    '2024-10-14 22:47:52',
    '2024-11-22 22:47:52',
    20.38,
    'arriving',
    '92F.555-048',
    3,
    2,
    2,
    'DTHCM'
  ),
  (
    58,
    '2024-10-14 22:47:52',
    '2024-10-03 22:47:52',
    93,
    'arriving',
    '43F.666-003',
    1,
    2,
    2,
    'DTHCM'
  ),
  (
    59,
    '2024-11-09 22:47:52',
    '2024-10-18 22:47:52',
    97.91,
    'arriving',
    '36F.666-027',
    1,
    2,
    2,
    'DTHCM'
  ),
  (
    60,
    '2024-10-11 22:47:52',
    '2024-11-05 22:47:52',
    101.71,
    'finished',
    '92F.555-048',
    1,
    2,
    2,
    'DTHCM'
  ),
  (
    61,
    '2024-09-29 22:47:52',
    '2024-09-27 22:47:52',
    88.98,
    'waiting',
    '43F.666-003',
    4,
    2,
    2,
    'DTHCM'
  ),
  (
    62,
    '2024-10-21 22:47:52',
    '2024-09-28 22:47:52',
    35.94,
    'arriving',
    '36F.666-027',
    4,
    2,
    2,
    'DTHCM'
  ),
  (
    63,
    '2024-11-14 22:47:52',
    '2024-10-09 22:47:52',
    103.88,
    'waiting',
    '92F.555-048',
    4,
    2,
    2,
    'DTHCM'
  ),
  (
    64,
    '2024-11-01 22:47:52',
    '2024-09-29 22:47:52',
    66.22,
    'waiting',
    '43F.666-003',
    3,
    1,
    2,
    'DTHCM'
  ),
  (
    65,
    '2024-10-14 22:47:52',
    '2024-11-21 22:47:52',
    100.75,
    'arriving',
    '36F.666-027',
    3,
    1,
    2,
    'DTHCM'
  ),
  (
    66,
    '2024-10-11 22:47:52',
    '2024-10-01 22:47:52',
    87.89,
    'waiting',
    '92F.555-048',
    3,
    1,
    2,
    'DTHCM'
  ),
  (
    67,
    '2024-10-21 22:47:52',
    '2024-11-23 22:47:52',
    73.61,
    'arriving',
    '43F.666-003',
    1,
    1,
    2,
    'DTHCM'
  ),
  (
    68,
    '2024-10-16 22:47:52',
    '2024-10-02 22:47:52',
    60,
    'waiting',
    '36F.666-027',
    1,
    1,
    2,
    'DTHCM'
  ),
  (
    69,
    '2024-10-21 22:47:52',
    '2024-10-12 22:47:52',
    29.88,
    'finished',
    '92F.555-048',
    1,
    1,
    2,
    'DTHCM'
  ),
  (
    70,
    '2024-10-23 22:47:52',
    '2024-11-12 22:47:52',
    100.21,
    'finished',
    '43F.666-003',
    4,
    1,
    2,
    'DTHCM'
  ),
  (
    71,
    '2024-11-15 22:47:52',
    '2024-10-03 22:47:52',
    46.38,
    'arriving',
    '36F.666-027',
    4,
    1,
    2,
    'DTHCM'
  ),
  (
    72,
    '2024-11-04 22:47:52',
    '2024-11-25 22:47:52',
    78.45,
    'waiting',
    '92F.555-048',
    4,
    1,
    2,
    'DTHCM'
  ),
  (
    73,
    '2024-10-03 22:47:52',
    '2024-10-03 22:47:52',
    74.28,
    'arriving',
    '43F.666-003',
    3,
    3,
    2,
    'DTHCM'
  ),
  (
    74,
    '2024-10-13 22:47:52',
    '2024-09-27 22:47:52',
    70.78,
    'waiting',
    '36F.666-027',
    3,
    3,
    2,
    'DTHCM'
  ),
  (
    75,
    '2024-10-22 22:47:52',
    '2024-11-06 22:47:52',
    32.1,
    'waiting',
    '92F.555-048',
    3,
    3,
    2,
    'DTHCM'
  ),
  (
    76,
    '2024-11-06 22:47:52',
    '2024-10-10 22:47:52',
    86.39,
    'waiting',
    '43F.666-003',
    1,
    3,
    2,
    'DTHCM'
  ),
  (
    77,
    '2024-10-27 22:47:52',
    '2024-10-12 22:47:52',
    47.38,
    'finished',
    '36F.666-027',
    1,
    3,
    2,
    'DTHCM'
  ),
  (
    78,
    '2024-10-10 22:47:52',
    '2024-11-22 22:47:52',
    90.74,
    'waiting',
    '92F.555-048',
    1,
    3,
    2,
    'DTHCM'
  ),
  (
    79,
    '2024-10-24 22:47:52',
    '2024-10-02 22:47:52',
    92.66,
    'finished',
    '43F.666-003',
    4,
    3,
    2,
    'DTHCM'
  ),
  (
    80,
    '2024-10-17 22:47:52',
    '2024-10-14 22:47:52',
    97.33,
    'waiting',
    '36F.666-027',
    4,
    3,
    2,
    'DTHCM'
  ),
  (
    81,
    '2024-11-17 22:47:52',
    '2024-11-19 22:47:52',
    67.45,
    'arriving',
    '92F.555-048',
    4,
    3,
    2,
    'DTHCM'
  ),
  (
    82,
    '2024-11-09 22:47:52',
    '2024-10-13 22:47:52',
    20.98,
    'arriving',
    '43F.666-003',
    3,
    2,
    3,
    'PTHCM'
  ),
  (
    83,
    '2024-10-21 22:47:52',
    '2024-09-30 22:47:52',
    98.74,
    'arriving',
    '36F.666-027',
    3,
    2,
    3,
    'PTHCM'
  ),
  (
    84,
    '2024-10-01 22:47:52',
    '2024-11-22 22:47:52',
    53.9,
    'finished',
    '92F.555-048',
    3,
    2,
    3,
    'PTHCM'
  ),
  (
    85,
    '2024-09-27 22:47:52',
    '2024-11-14 22:47:52',
    23.2,
    'finished',
    '43F.666-003',
    1,
    2,
    3,
    'PTHCM'
  ),
  (
    86,
    '2024-10-02 22:47:52',
    '2024-10-12 22:47:52',
    88.32,
    'finished',
    '36F.666-027',
    1,
    2,
    3,
    'PTHCM'
  ),
  (
    87,
    '2024-11-17 22:47:52',
    '2024-10-18 22:47:52',
    55.88,
    'finished',
    '92F.555-048',
    1,
    2,
    3,
    'PTHCM'
  ),
  (
    88,
    '2024-11-12 22:47:52',
    '2024-10-16 22:47:52',
    52.55,
    'waiting',
    '43F.666-003',
    4,
    2,
    3,
    'PTHCM'
  ),
  (
    89,
    '2024-10-02 22:47:52',
    '2024-10-10 22:47:52',
    54.6,
    'finished',
    '36F.666-027',
    4,
    2,
    3,
    'PTHCM'
  ),
  (
    90,
    '2024-10-23 22:47:52',
    '2024-10-15 22:47:52',
    88.86,
    'arriving',
    '92F.555-048',
    4,
    2,
    3,
    'PTHCM'
  ),
  (
    91,
    '2024-10-28 22:47:52',
    '2024-11-19 22:47:52',
    35.59,
    'arriving',
    '43F.666-003',
    3,
    1,
    3,
    'PTHCM'
  ),
  (
    92,
    '2024-10-12 22:47:52',
    '2024-10-05 22:47:52',
    88.95,
    'finished',
    '36F.666-027',
    3,
    1,
    3,
    'PTHCM'
  ),
  (
    93,
    '2024-10-31 22:47:52',
    '2024-10-13 22:47:52',
    111.59,
    'arriving',
    '92F.555-048',
    3,
    1,
    3,
    'PTHCM'
  ),
  (
    94,
    '2024-10-18 22:47:52',
    '2024-11-22 22:47:52',
    76.32,
    'finished',
    '43F.666-003',
    1,
    1,
    3,
    'PTHCM'
  ),
  (
    95,
    '2024-11-07 22:47:52',
    '2024-10-23 22:47:52',
    77.25,
    'waiting',
    '36F.666-027',
    1,
    1,
    3,
    'PTHCM'
  ),
  (
    96,
    '2024-10-13 22:47:52',
    '2024-11-16 22:47:52',
    23.52,
    'finished',
    '92F.555-048',
    1,
    1,
    3,
    'PTHCM'
  ),
  (
    97,
    '2024-10-02 22:47:52',
    '2024-10-29 22:47:52',
    84.36,
    'finished',
    '43F.666-003',
    4,
    1,
    3,
    'PTHCM'
  ),
  (
    98,
    '2024-11-15 22:47:52',
    '2024-11-15 22:47:52',
    77.62,
    'waiting',
    '36F.666-027',
    4,
    1,
    3,
    'PTHCM'
  ),
  (
    99,
    '2024-10-26 22:47:52',
    '2024-10-03 22:47:52',
    84.3,
    'waiting',
    '92F.555-048',
    4,
    1,
    3,
    'PTHCM'
  ),
  (
    100,
    '2024-10-16 22:47:52',
    '2024-10-12 22:47:52',
    98.98,
    'waiting',
    '43F.666-003',
    3,
    3,
    3,
    'PTHCM'
  ),
  (
    101,
    '2024-10-26 22:47:52',
    '2024-10-04 22:47:52',
    73.1,
    'arriving',
    '36F.666-027',
    3,
    3,
    3,
    'PTHCM'
  ),
  (
    102,
    '2024-10-30 22:47:52',
    '2024-11-02 22:47:52',
    63.65,
    'waiting',
    '92F.555-048',
    3,
    3,
    3,
    'PTHCM'
  ),
  (
    103,
    '2024-10-13 22:47:52',
    '2024-10-12 22:47:52',
    98.14,
    'waiting',
    '43F.666-003',
    1,
    3,
    3,
    'PTHCM'
  ),
  (
    104,
    '2024-11-18 22:47:52',
    '2024-11-09 22:47:52',
    65.58,
    'waiting',
    '36F.666-027',
    1,
    3,
    3,
    'PTHCM'
  ),
  (
    105,
    '2024-10-30 22:47:52',
    '2024-11-03 22:47:52',
    24.23,
    'finished',
    '92F.555-048',
    1,
    3,
    3,
    'PTHCM'
  ),
  (
    106,
    '2024-10-18 22:47:52',
    '2024-10-25 22:47:52',
    117.87,
    'waiting',
    '43F.666-003',
    4,
    3,
    3,
    'PTHCM'
  ),
  (
    107,
    '2024-10-31 22:47:52',
    '2024-10-28 22:47:52',
    90.84,
    'arriving',
    '36F.666-027',
    4,
    3,
    3,
    'PTHCM'
  ),
  (
    108,
    '2024-11-16 22:47:52',
    '2024-10-16 22:47:52',
    45.13,
    'finished',
    '92F.555-048',
    4,
    3,
    3,
    'PTHCM'
  ),
  (
    109,
    '2024-09-28 22:47:52',
    '2024-11-02 22:47:52',
    83.57,
    'waiting',
    '43F.666-003',
    3,
    2,
    1,
    'PTHCM'
  ),
  (
    110,
    '2024-10-27 22:47:52',
    '2024-11-18 22:47:52',
    66.39,
    'arriving',
    '36F.666-027',
    3,
    2,
    1,
    'PTHCM'
  ),
  (
    111,
    '2024-11-06 22:47:52',
    '2024-09-28 22:47:52',
    72.49,
    'arriving',
    '92F.555-048',
    3,
    2,
    1,
    'PTHCM'
  ),
  (
    112,
    '2024-11-01 22:47:52',
    '2024-10-11 22:47:52',
    89.2,
    'finished',
    '43F.666-003',
    1,
    2,
    1,
    'PTHCM'
  ),
  (
    113,
    '2024-10-18 22:47:52',
    '2024-11-16 22:47:52',
    113.22,
    'waiting',
    '36F.666-027',
    1,
    2,
    1,
    'PTHCM'
  ),
  (
    114,
    '2024-10-27 22:47:52',
    '2024-10-27 22:47:52',
    37.9,
    'waiting',
    '92F.555-048',
    1,
    2,
    1,
    'PTHCM'
  ),
  (
    115,
    '2024-11-04 22:47:52',
    '2024-11-13 22:47:52',
    97.25,
    'finished',
    '43F.666-003',
    4,
    2,
    1,
    'PTHCM'
  ),
  (
    116,
    '2024-11-22 22:47:52',
    '2024-11-03 22:47:52',
    102.66,
    'finished',
    '36F.666-027',
    4,
    2,
    1,
    'PTHCM'
  ),
  (
    117,
    '2024-10-12 22:47:52',
    '2024-11-19 22:47:52',
    55.1,
    'finished',
    '92F.555-048',
    4,
    2,
    1,
    'PTHCM'
  ),
  (
    118,
    '2024-10-22 22:47:52',
    '2024-11-09 22:47:52',
    113.7,
    'arriving',
    '43F.666-003',
    3,
    1,
    1,
    'PTHCM'
  ),
  (
    119,
    '2024-10-22 22:47:52',
    '2024-11-01 22:47:52',
    86.84,
    'waiting',
    '36F.666-027',
    3,
    1,
    1,
    'PTHCM'
  ),
  (
    120,
    '2024-10-13 22:47:52',
    '2024-11-02 22:47:52',
    118.66,
    'finished',
    '92F.555-048',
    3,
    1,
    1,
    'PTHCM'
  ),
  (
    121,
    '2024-09-27 22:47:52',
    '2024-10-31 22:47:52',
    56.55,
    'arriving',
    '43F.666-003',
    1,
    1,
    1,
    'PTHCM'
  ),
  (
    122,
    '2024-10-10 22:47:52',
    '2024-11-24 22:47:52',
    41.53,
    'finished',
    '36F.666-027',
    1,
    1,
    1,
    'PTHCM'
  ),
  (
    123,
    '2024-09-28 22:47:52',
    '2024-10-05 22:47:52',
    24.53,
    'arriving',
    '92F.555-048',
    1,
    1,
    1,
    'PTHCM'
  ),
  (
    124,
    '2024-10-01 22:47:52',
    '2024-11-17 22:47:52',
    21.7,
    'waiting',
    '43F.666-003',
    4,
    1,
    1,
    'PTHCM'
  ),
  (
    125,
    '2024-10-04 22:47:52',
    '2024-09-30 22:47:52',
    23.86,
    'waiting',
    '36F.666-027',
    4,
    1,
    1,
    'PTHCM'
  ),
  (
    126,
    '2024-10-01 22:47:52',
    '2024-11-25 22:47:52',
    94.16,
    'arriving',
    '92F.555-048',
    4,
    1,
    1,
    'PTHCM'
  ),
  (
    127,
    '2024-10-14 22:47:52',
    '2024-11-15 22:47:52',
    73.66,
    'arriving',
    '43F.666-003',
    3,
    3,
    1,
    'PTHCM'
  ),
  (
    128,
    '2024-10-28 22:47:52',
    '2024-11-13 22:47:52',
    74.57,
    'finished',
    '36F.666-027',
    3,
    3,
    1,
    'PTHCM'
  ),
  (
    129,
    '2024-10-17 22:47:52',
    '2024-10-10 22:47:52',
    29.33,
    'waiting',
    '92F.555-048',
    3,
    3,
    1,
    'PTHCM'
  ),
  (
    130,
    '2024-10-14 22:47:52',
    '2024-11-05 22:47:52',
    65.27,
    'finished',
    '43F.666-003',
    1,
    3,
    1,
    'PTHCM'
  ),
  (
    131,
    '2024-10-16 22:47:52',
    '2024-10-15 22:47:52',
    73.66,
    'waiting',
    '36F.666-027',
    1,
    3,
    1,
    'PTHCM'
  ),
  (
    132,
    '2024-11-02 22:47:52',
    '2024-11-01 22:47:52',
    111.26,
    'finished',
    '92F.555-048',
    1,
    3,
    1,
    'PTHCM'
  ),
  (
    133,
    '2024-11-12 22:47:52',
    '2024-10-13 22:47:52',
    118.64,
    'waiting',
    '43F.666-003',
    4,
    3,
    1,
    'PTHCM'
  ),
  (
    134,
    '2024-10-17 22:47:52',
    '2024-09-28 22:47:52',
    28.47,
    'waiting',
    '36F.666-027',
    4,
    3,
    1,
    'PTHCM'
  ),
  (
    135,
    '2024-11-06 22:47:52',
    '2024-10-11 22:47:52',
    56.92,
    'finished',
    '92F.555-048',
    4,
    3,
    1,
    'PTHCM'
  ),
  (
    136,
    '2024-11-04 22:47:52',
    '2024-11-22 22:47:52',
    72.31,
    'waiting',
    '43F.666-003',
    3,
    2,
    2,
    'PTHCM'
  ),
  (
    137,
    '2024-10-06 22:47:52',
    '2024-10-11 22:47:52',
    67.92,
    'waiting',
    '36F.666-027',
    3,
    2,
    2,
    'PTHCM'
  ),
  (
    138,
    '2024-11-16 22:47:52',
    '2024-10-09 22:47:52',
    89.71,
    'waiting',
    '92F.555-048',
    3,
    2,
    2,
    'PTHCM'
  ),
  (
    139,
    '2024-11-21 22:47:52',
    '2024-10-13 22:47:52',
    66.35,
    'arriving',
    '43F.666-003',
    1,
    2,
    2,
    'PTHCM'
  ),
  (
    140,
    '2024-10-26 22:47:52',
    '2024-11-09 22:47:52',
    34.35,
    'finished',
    '36F.666-027',
    1,
    2,
    2,
    'PTHCM'
  ),
  (
    141,
    '2024-10-22 22:47:52',
    '2024-10-31 22:47:52',
    81.04,
    'waiting',
    '92F.555-048',
    1,
    2,
    2,
    'PTHCM'
  ),
  (
    142,
    '2024-10-26 22:47:52',
    '2024-11-24 22:47:52',
    51.43,
    'waiting',
    '43F.666-003',
    4,
    2,
    2,
    'PTHCM'
  ),
  (
    143,
    '2024-10-19 22:47:52',
    '2024-11-18 22:47:52',
    44.52,
    'waiting',
    '36F.666-027',
    4,
    2,
    2,
    'PTHCM'
  ),
  (
    144,
    '2024-11-13 22:47:52',
    '2024-10-03 22:47:52',
    97.78,
    'arriving',
    '92F.555-048',
    4,
    2,
    2,
    'PTHCM'
  ),
  (
    145,
    '2024-10-28 22:47:52',
    '2024-11-20 22:47:52',
    79.6,
    'waiting',
    '43F.666-003',
    3,
    1,
    2,
    'PTHCM'
  ),
  (
    146,
    '2024-10-29 22:47:52',
    '2024-11-03 22:47:52',
    87.1,
    'waiting',
    '36F.666-027',
    3,
    1,
    2,
    'PTHCM'
  ),
  (
    147,
    '2024-10-30 22:47:52',
    '2024-11-03 22:47:52',
    61.74,
    'arriving',
    '92F.555-048',
    3,
    1,
    2,
    'PTHCM'
  ),
  (
    148,
    '2024-09-30 22:47:52',
    '2024-10-31 22:47:52',
    104.67,
    'waiting',
    '43F.666-003',
    1,
    1,
    2,
    'PTHCM'
  ),
  (
    149,
    '2024-11-10 22:47:52',
    '2024-11-16 22:47:52',
    62.36,
    'finished',
    '36F.666-027',
    1,
    1,
    2,
    'PTHCM'
  ),
  (
    150,
    '2024-11-17 22:47:52',
    '2024-11-17 22:47:52',
    34.24,
    'waiting',
    '92F.555-048',
    1,
    1,
    2,
    'PTHCM'
  ),
  (
    151,
    '2024-10-27 22:47:52',
    '2024-10-22 22:47:52',
    36.93,
    'waiting',
    '43F.666-003',
    4,
    1,
    2,
    'PTHCM'
  ),
  (
    152,
    '2024-10-21 22:47:52',
    '2024-11-08 22:47:52',
    48.15,
    'arriving',
    '36F.666-027',
    4,
    1,
    2,
    'PTHCM'
  ),
  (
    153,
    '2024-10-13 22:47:52',
    '2024-10-31 22:47:52',
    46.09,
    'waiting',
    '92F.555-048',
    4,
    1,
    2,
    'PTHCM'
  ),
  (
    154,
    '2024-11-08 22:47:52',
    '2024-10-30 22:47:52',
    64.43,
    'waiting',
    '43F.666-003',
    3,
    3,
    2,
    'PTHCM'
  ),
  (
    155,
    '2024-10-05 22:47:52',
    '2024-10-18 22:47:52',
    97.26,
    'finished',
    '36F.666-027',
    3,
    3,
    2,
    'PTHCM'
  ),
  (
    156,
    '2024-11-17 22:47:52',
    '2024-11-15 22:47:52',
    54.44,
    'waiting',
    '92F.555-048',
    3,
    3,
    2,
    'PTHCM'
  ),
  (
    157,
    '2024-10-26 22:47:52',
    '2024-10-21 22:47:52',
    56.17,
    'arriving',
    '43F.666-003',
    1,
    3,
    2,
    'PTHCM'
  ),
  (
    158,
    '2024-10-14 22:47:52',
    '2024-11-16 22:47:52',
    23.07,
    'finished',
    '36F.666-027',
    1,
    3,
    2,
    'PTHCM'
  ),
  (
    159,
    '2024-10-07 22:47:52',
    '2024-10-25 22:47:52',
    70.5,
    'arriving',
    '92F.555-048',
    1,
    3,
    2,
    'PTHCM'
  ),
  (
    160,
    '2024-10-16 22:47:52',
    '2024-11-18 22:47:52',
    67.27,
    'finished',
    '43F.666-003',
    4,
    3,
    2,
    'PTHCM'
  ),
  (
    161,
    '2024-10-04 22:47:52',
    '2024-10-19 22:47:52',
    106.23,
    'waiting',
    '36F.666-027',
    4,
    3,
    2,
    'PTHCM'
  ),
  (
    162,
    '2024-11-12 22:47:52',
    '2024-10-21 22:47:52',
    76.71,
    'finished',
    '92F.555-048',
    4,
    3,
    2,
    'PTHCM'
  ),
  (
    163,
    '2024-11-02 22:47:52',
    '2024-10-25 22:47:52',
    89.95,
    'arriving',
    '43F.666-003',
    3,
    2,
    3,
    'HCMTH'
  ),
  (
    164,
    '2024-11-21 22:47:52',
    '2024-11-06 22:47:52',
    52.6,
    'started',
    '36F.666-027',
    3,
    2,
    3,
    'HCMTH'
  ),
  (
    165,
    '2024-10-20 22:47:52',
    '2024-10-10 22:47:52',
    71.27,
    'waiting',
    '92F.555-048',
    3,
    2,
    3,
    'HCMTH'
  ),
  (
    166,
    '2024-11-10 22:47:52',
    '2024-11-13 22:47:52',
    66.39,
    'waiting',
    '43F.666-003',
    1,
    2,
    3,
    'HCMTH'
  ),
  (
    167,
    '2024-11-17 22:47:52',
    '2024-11-16 22:47:52',
    63.39,
    'finished',
    '36F.666-027',
    1,
    2,
    3,
    'HCMTH'
  ),
  (
    168,
    '2024-10-06 22:47:52',
    '2024-10-11 22:47:52',
    23.06,
    'waiting',
    '92F.555-048',
    1,
    2,
    3,
    'HCMTH'
  ),
  (
    169,
    '2024-11-01 22:47:52',
    '2024-11-11 22:47:52',
    91.95,
    'finished',
    '43F.666-003',
    4,
    2,
    3,
    'HCMTH'
  ),
  (
    170,
    '2024-11-14 22:47:52',
    '2024-10-23 22:47:52',
    43.31,
    'arriving',
    '36F.666-027',
    4,
    2,
    3,
    'HCMTH'
  ),
  (
    171,
    '2024-10-17 22:47:52',
    '2024-10-17 22:47:52',
    50,
    'waiting',
    '92F.555-048',
    4,
    2,
    3,
    'HCMTH'
  ),
  (
    172,
    '2024-11-16 22:47:52',
    '2024-10-09 22:47:52',
    99.79,
    'finished',
    '43F.666-003',
    3,
    1,
    3,
    'HCMTH'
  ),
  (
    173,
    '2024-11-03 22:47:52',
    '2024-11-17 22:47:52',
    99.18,
    'arriving',
    '36F.666-027',
    3,
    1,
    3,
    'HCMTH'
  ),
  (
    174,
    '2024-10-30 22:47:52',
    '2024-10-06 22:47:52',
    87.27,
    'arriving',
    '92F.555-048',
    3,
    1,
    3,
    'HCMTH'
  ),
  (
    175,
    '2024-11-09 22:47:52',
    '2024-09-27 22:47:52',
    53.69,
    'waiting',
    '43F.666-003',
    1,
    1,
    3,
    'HCMTH'
  ),
  (
    176,
    '2024-11-08 22:47:52',
    '2024-10-24 22:47:52',
    29.6,
    'finished',
    '36F.666-027',
    1,
    1,
    3,
    'HCMTH'
  ),
  (
    177,
    '2024-10-28 22:47:52',
    '2024-11-01 22:47:52',
    100.43,
    'waiting',
    '92F.555-048',
    1,
    1,
    3,
    'HCMTH'
  ),
  (
    178,
    '2024-10-20 22:47:52',
    '2024-11-19 22:47:52',
    105.75,
    'waiting',
    '43F.666-003',
    4,
    1,
    3,
    'HCMTH'
  ),
  (
    179,
    '2024-10-11 22:47:52',
    '2024-10-28 22:47:52',
    84.28,
    'arriving',
    '36F.666-027',
    4,
    1,
    3,
    'HCMTH'
  ),
  (
    180,
    '2024-11-03 22:47:52',
    '2024-11-25 22:47:52',
    114.06,
    'waiting',
    '92F.555-048',
    4,
    1,
    3,
    'HCMTH'
  ),
  (
    181,
    '2024-10-13 22:47:52',
    '2024-11-19 22:47:52',
    66.49,
    'waiting',
    '43F.666-003',
    3,
    3,
    3,
    'HCMTH'
  ),
  (
    182,
    '2024-10-29 22:47:52',
    '2024-09-26 22:47:52',
    89.35,
    'waiting',
    '36F.666-027',
    3,
    3,
    3,
    'HCMTH'
  ),
  (
    183,
    '2024-11-10 22:47:52',
    '2024-10-28 22:47:52',
    91.65,
    'arriving',
    '92F.555-048',
    3,
    3,
    3,
    'HCMTH'
  ),
  (
    184,
    '2024-11-02 22:47:52',
    '2024-10-13 22:47:52',
    91.29,
    'arriving',
    '43F.666-003',
    1,
    3,
    3,
    'HCMTH'
  ),
  (
    185,
    '2024-10-01 22:47:52',
    '2024-10-30 22:47:52',
    65.74,
    'waiting',
    '36F.666-027',
    1,
    3,
    3,
    'HCMTH'
  ),
  (
    186,
    '2024-11-05 22:47:52',
    '2024-11-12 22:47:52',
    119.91,
    'arriving',
    '92F.555-048',
    1,
    3,
    3,
    'HCMTH'
  ),
  (
    187,
    '2024-10-01 22:47:52',
    '2024-10-24 22:47:52',
    115.96,
    'waiting',
    '43F.666-003',
    4,
    3,
    3,
    'HCMTH'
  ),
  (
    188,
    '2024-11-16 22:47:52',
    '2024-10-01 22:47:52',
    60.45,
    'arriving',
    '36F.666-027',
    4,
    3,
    3,
    'HCMTH'
  ),
  (
    189,
    '2024-10-17 22:47:52',
    '2024-11-17 22:47:52',
    98.81,
    'waiting',
    '92F.555-048',
    4,
    3,
    3,
    'HCMTH'
  ),
  (
    190,
    '2024-11-14 22:47:52',
    '2024-09-30 22:47:52',
    89.86,
    'arriving',
    '43F.666-003',
    3,
    2,
    1,
    'HCMTH'
  ),
  (
    191,
    '2024-10-31 22:47:52',
    '2024-11-02 22:47:52',
    60.62,
    'arriving',
    '36F.666-027',
    3,
    2,
    1,
    'HCMTH'
  ),
  (
    192,
    '2024-10-07 22:47:52',
    '2024-09-30 22:47:52',
    102.53,
    'waiting',
    '92F.555-048',
    3,
    2,
    1,
    'HCMTH'
  ),
  (
    193,
    '2024-11-21 22:47:52',
    '2024-10-16 22:47:52',
    23.21,
    'arriving',
    '43F.666-003',
    1,
    2,
    1,
    'HCMTH'
  ),
  (
    194,
    '2024-11-14 22:47:52',
    '2024-10-06 22:47:52',
    53.06,
    'waiting',
    '36F.666-027',
    1,
    2,
    1,
    'HCMTH'
  ),
  (
    195,
    '2024-10-19 22:47:52',
    '2024-11-25 22:47:52',
    32.59,
    'arriving',
    '92F.555-048',
    1,
    2,
    1,
    'HCMTH'
  ),
  (
    196,
    '2024-10-16 22:47:52',
    '2024-09-30 22:47:52',
    27.4,
    'arriving',
    '43F.666-003',
    4,
    2,
    1,
    'HCMTH'
  ),
  (
    197,
    '2024-10-11 22:47:52',
    '2024-11-19 22:47:52',
    55.89,
    'finished',
    '36F.666-027',
    4,
    2,
    1,
    'HCMTH'
  ),
  (
    198,
    '2024-11-13 22:47:52',
    '2024-10-20 22:47:52',
    52.11,
    'finished',
    '92F.555-048',
    4,
    2,
    1,
    'HCMTH'
  ),
  (
    199,
    '2024-10-17 22:47:52',
    '2024-11-17 22:47:52',
    101.12,
    'arriving',
    '43F.666-003',
    3,
    1,
    1,
    'HCMTH'
  ),
  (
    200,
    '2024-11-20 22:47:52',
    '2024-10-14 22:47:52',
    98.66,
    'waiting',
    '36F.666-027',
    3,
    1,
    1,
    'HCMTH'
  ),
  (
    201,
    '2024-10-30 22:47:52',
    '2024-09-28 22:47:52',
    54.29,
    'arriving',
    '92F.555-048',
    3,
    1,
    1,
    'HCMTH'
  ),
  (
    202,
    '2024-11-12 22:47:52',
    '2024-09-28 22:47:52',
    38.51,
    'finished',
    '43F.666-003',
    1,
    1,
    1,
    'HCMTH'
  ),
  (
    203,
    '2024-10-11 22:47:52',
    '2024-10-31 22:47:52',
    39.73,
    'arriving',
    '36F.666-027',
    1,
    1,
    1,
    'HCMTH'
  ),
  (
    204,
    '2024-10-17 22:47:52',
    '2024-11-25 22:47:52',
    119.74,
    'finished',
    '92F.555-048',
    1,
    1,
    1,
    'HCMTH'
  ),
  (
    205,
    '2024-11-02 22:47:52',
    '2024-11-16 22:47:52',
    52.73,
    'waiting',
    '43F.666-003',
    4,
    1,
    1,
    'HCMTH'
  ),
  (
    206,
    '2024-10-22 22:47:52',
    '2024-10-16 22:47:52',
    71.44,
    'waiting',
    '36F.666-027',
    4,
    1,
    1,
    'HCMTH'
  ),
  (
    207,
    '2024-10-02 22:47:52',
    '2024-10-30 22:47:52',
    58.82,
    'started',
    '92F.555-048',
    4,
    1,
    1,
    'HCMTH'
  ),
  (
    208,
    '2024-10-21 22:47:52',
    '2024-11-13 22:47:52',
    59.67,
    'finished',
    '43F.666-003',
    3,
    3,
    1,
    'HCMTH'
  ),
  (
    209,
    '2024-11-10 22:47:52',
    '2024-09-26 22:47:52',
    114.27,
    'waiting',
    '36F.666-027',
    3,
    3,
    1,
    'HCMTH'
  ),
  (
    210,
    '2024-09-30 22:47:52',
    '2024-11-24 22:47:52',
    71.27,
    'waiting',
    '92F.555-048',
    3,
    3,
    1,
    'HCMTH'
  ),
  (
    211,
    '2024-11-01 22:47:52',
    '2024-10-29 22:47:52',
    34.23,
    'waiting',
    '43F.666-003',
    1,
    3,
    1,
    'HCMTH'
  ),
  (
    212,
    '2024-10-29 22:47:52',
    '2024-10-05 22:47:52',
    53.01,
    'waiting',
    '36F.666-027',
    1,
    3,
    1,
    'HCMTH'
  ),
  (
    213,
    '2024-10-01 22:47:52',
    '2024-10-12 22:47:52',
    44.71,
    'waiting',
    '92F.555-048',
    1,
    3,
    1,
    'HCMTH'
  ),
  (
    214,
    '2024-11-04 22:47:52',
    '2024-11-25 22:47:52',
    32.71,
    'waiting',
    '43F.666-003',
    4,
    3,
    1,
    'HCMTH'
  ),
  (
    215,
    '2024-11-03 22:47:52',
    '2024-10-06 22:47:52',
    114.96,
    'waiting',
    '36F.666-027',
    4,
    3,
    1,
    'HCMTH'
  ),
  (
    216,
    '2024-10-01 22:47:52',
    '2024-11-20 22:47:52',
    62.98,
    'waiting',
    '92F.555-048',
    4,
    3,
    1,
    'HCMTH'
  ),
  (
    217,
    '2024-10-12 22:47:52',
    '2024-10-23 22:47:52',
    67.3,
    'finished',
    '43F.666-003',
    3,
    2,
    2,
    'HCMTH'
  ),
  (
    218,
    '2024-11-11 22:47:52',
    '2024-09-28 22:47:52',
    51.85,
    'waiting',
    '36F.666-027',
    3,
    2,
    2,
    'HCMTH'
  ),
  (
    219,
    '2024-11-15 22:47:52',
    '2024-11-09 22:47:52',
    93.08,
    'finished',
    '92F.555-048',
    3,
    2,
    2,
    'HCMTH'
  ),
  (
    220,
    '2024-11-13 22:47:52',
    '2024-10-28 22:47:52',
    46.39,
    'finished',
    '43F.666-003',
    1,
    2,
    2,
    'HCMTH'
  ),
  (
    221,
    '2024-10-26 22:47:52',
    '2024-11-10 22:47:52',
    83.86,
    'arriving',
    '36F.666-027',
    1,
    2,
    2,
    'HCMTH'
  ),
  (
    222,
    '2024-10-24 22:47:52',
    '2024-09-30 22:47:52',
    24.56,
    'waiting',
    '92F.555-048',
    1,
    2,
    2,
    'HCMTH'
  ),
  (
    223,
    '2024-10-01 22:47:52',
    '2024-11-22 22:47:52',
    61.23,
    'arriving',
    '43F.666-003',
    4,
    2,
    2,
    'HCMTH'
  ),
  (
    224,
    '2024-10-23 22:47:52',
    '2024-11-24 22:47:52',
    38.99,
    'arriving',
    '36F.666-027',
    4,
    2,
    2,
    'HCMTH'
  ),
  (
    225,
    '2024-10-02 22:47:52',
    '2024-10-14 22:47:52',
    61.47,
    'waiting',
    '92F.555-048',
    4,
    2,
    2,
    'HCMTH'
  ),
  (
    226,
    '2024-11-06 22:47:52',
    '2024-10-08 22:47:52',
    99.57,
    'arriving',
    '43F.666-003',
    3,
    1,
    2,
    'HCMTH'
  ),
  (
    227,
    '2024-10-18 22:47:52',
    '2024-10-08 22:47:52',
    26.92,
    'started',
    '36F.666-027',
    3,
    1,
    2,
    'HCMTH'
  ),
  (
    228,
    '2024-11-02 22:47:52',
    '2024-10-23 22:47:52',
    51.65,
    'arriving',
    '92F.555-048',
    3,
    1,
    2,
    'HCMTH'
  ),
  (
    229,
    '2024-10-01 22:47:52',
    '2024-10-25 22:47:52',
    100.5,
    'waiting',
    '43F.666-003',
    1,
    1,
    2,
    'HCMTH'
  ),
  (
    230,
    '2024-10-31 22:47:52',
    '2024-09-26 22:47:52',
    72.81,
    'waiting',
    '36F.666-027',
    1,
    1,
    2,
    'HCMTH'
  ),
  (
    231,
    '2024-10-02 22:47:52',
    '2024-09-26 22:47:52',
    65.66,
    'finished',
    '92F.555-048',
    1,
    1,
    2,
    'HCMTH'
  ),
  (
    232,
    '2024-10-22 22:47:52',
    '2024-10-07 22:47:52',
    64.98,
    'arriving',
    '43F.666-003',
    4,
    1,
    2,
    'HCMTH'
  ),
  (
    233,
    '2024-10-21 22:47:52',
    '2024-10-13 22:47:52',
    72.14,
    'finished',
    '36F.666-027',
    4,
    1,
    2,
    'HCMTH'
  ),
  (
    234,
    '2024-10-26 22:47:52',
    '2024-11-08 22:47:52',
    28.33,
    'finished',
    '92F.555-048',
    4,
    1,
    2,
    'HCMTH'
  ),
  (
    235,
    '2024-10-08 22:47:52',
    '2024-10-09 22:47:52',
    67.92,
    'waiting',
    '43F.666-003',
    3,
    3,
    2,
    'HCMTH'
  ),
  (
    236,
    '2024-11-02 22:47:52',
    '2024-10-05 22:47:52',
    112.14,
    'waiting',
    '36F.666-027',
    3,
    3,
    2,
    'HCMTH'
  ),
  (
    237,
    '2024-11-10 22:47:52',
    '2024-11-07 22:47:52',
    41.86,
    'arriving',
    '92F.555-048',
    3,
    3,
    2,
    'HCMTH'
  ),
  (
    238,
    '2024-11-13 22:47:52',
    '2024-11-16 22:47:52',
    89.29,
    'finished',
    '43F.666-003',
    1,
    3,
    2,
    'HCMTH'
  ),
  (
    239,
    '2024-11-18 22:47:52',
    '2024-11-14 22:47:52',
    57.57,
    'arriving',
    '36F.666-027',
    1,
    3,
    2,
    'HCMTH'
  ),
  (
    240,
    '2024-10-28 22:47:52',
    '2024-10-19 22:47:52',
    96.1,
    'arriving',
    '92F.555-048',
    1,
    3,
    2,
    'HCMTH'
  ),
  (
    241,
    '2024-10-30 22:47:52',
    '2024-11-08 22:47:52',
    30.08,
    'finished',
    '43F.666-003',
    4,
    3,
    2,
    'HCMTH'
  ),
  (
    242,
    '2024-10-26 22:47:52',
    '2024-10-18 22:47:52',
    28.03,
    'waiting',
    '36F.666-027',
    4,
    3,
    2,
    'HCMTH'
  ),
  (
    243,
    '2024-09-29 22:47:52',
    '2024-10-30 22:47:52',
    80.73,
    'arriving',
    '92F.555-048',
    4,
    3,
    2,
    'HCMTH'
  );

--
-- Indexes for dumped tables
--
--
-- Indexes for table `account`
--
ALTER TABLE
  `account`
ADD
  PRIMARY KEY (`id`),
ADD
  UNIQUE KEY `email` (`email`),
ADD
  UNIQUE KEY `phone` (`phone`),
ADD
  KEY `id` (`id`, `role_id`),
ADD
  KEY `role_id` (`role_id`);

--
-- Indexes for table `account_notification`
--
ALTER TABLE
  `account_notification`
ADD
  PRIMARY KEY (`id`),
ADD
  KEY `id` (`id`, `account_id`, `notification_id`),
ADD
  KEY `account_id` (`account_id`),
ADD
  KEY `notification_id` (`notification_id`);

--
-- Indexes for table `bill`
--
ALTER TABLE
  `bill`
ADD
  PRIMARY KEY (`bill_id`),
ADD
  KEY `customer_id` (`customer_id`),
ADD
  KEY `bill_id` (`bill_id`);

--
-- Indexes for table `bill_detail`
--
ALTER TABLE
  `bill_detail`
ADD
  PRIMARY KEY (`id`),
ADD
  KEY `bill_id` (`id`, `trip_id`),
ADD
  KEY `trip_id` (`trip_id`),
ADD
  KEY `bill_id_2` (`bill_id`);

--
-- Indexes for table `booking`
--
ALTER TABLE
  `booking`
ADD
  PRIMARY KEY (`booking_id`),
ADD
  KEY `booking_id` (`booking_id`, `customer_id`, `trip_id`),
ADD
  KEY `customer_id` (`customer_id`),
ADD
  KEY `trip_id` (`trip_id`);

--
-- Indexes for table `bus`
--
ALTER TABLE
  `bus`
ADD
  PRIMARY KEY (`bus_id`),
ADD
  KEY `bus_id` (`bus_id`);

--
-- Indexes for table `bus_seats`
--
ALTER TABLE
  `bus_seats`
ADD
  PRIMARY KEY (`id`),
ADD
  KEY `id` (`id`, `bus_id`),
ADD
  KEY `bus_id` (`bus_id`);

--
-- Indexes for table `checkpoint`
--
ALTER TABLE
  `checkpoint`
ADD
  PRIMARY KEY (`checkpoint_id`),
ADD
  KEY `checkpoint_id` (`checkpoint_id`);

--
-- Indexes for table `controller`
--
ALTER TABLE
  `controller`
ADD
  PRIMARY KEY (`controller_id`),
ADD
  KEY `controller_id` (`controller_id`, `account_id`),
ADD
  KEY `account_id` (`account_id`);

--
-- Indexes for table `customer`
--
ALTER TABLE
  `customer`
ADD
  PRIMARY KEY (`customer_id`),
ADD
  KEY `customer_id` (`customer_id`);

--
-- Indexes for table `driver`
--
ALTER TABLE
  `driver`
ADD
  PRIMARY KEY (`driver_id`),
ADD
  KEY `driver_id` (`driver_id`),
ADD
  KEY `account_id` (`account_id`);

--
-- Indexes for table `feedback`
--
ALTER TABLE
  `feedback`
ADD
  PRIMARY KEY (`feedback_id`),
ADD
  KEY `feedback_id` (`feedback_id`, `trip_id`, `account_id`),
ADD
  KEY `account_id` (`account_id`),
ADD
  KEY `trip_id` (`trip_id`);

--
-- Indexes for table `notification`
--
ALTER TABLE
  `notification`
ADD
  PRIMARY KEY (`notification_id`),
ADD
  KEY `notification_id` (`notification_id`);

--
-- Indexes for table `permission`
--
ALTER TABLE
  `permission`
ADD
  PRIMARY KEY (`permission_id`),
ADD
  KEY `permission_id` (`permission_id`);

--
-- Indexes for table `role`
--
ALTER TABLE
  `role`
ADD
  PRIMARY KEY (`role_id`),
ADD
  KEY `role_id` (`role_id`);

--
-- Indexes for table `role_notification`
--
ALTER TABLE
  `role_notification`
ADD
  PRIMARY KEY (`id`),
ADD
  KEY `role_id` (`role_id`, `notification_id`),
ADD
  KEY `notification_id` (`notification_id`);

--
-- Indexes for table `role_permission`
--
ALTER TABLE
  `role_permission`
ADD
  PRIMARY KEY (`id`),
ADD
  KEY `id` (`id`, `role_id`, `permission_id`),
ADD
  KEY `role_id` (`role_id`),
ADD
  KEY `permission_id` (`permission_id`);

--
-- Indexes for table `route`
--
ALTER TABLE
  `route`
ADD
  PRIMARY KEY (`route_id`),
ADD
  UNIQUE KEY `code` (`code`),
ADD
  KEY `route_id` (`route_id`);

--
-- Indexes for table `route_checkpoint`
--
ALTER TABLE
  `route_checkpoint`
ADD
  PRIMARY KEY (`id`),
ADD
  KEY `checkpoint_id` (`checkpoint_id`),
ADD
  KEY `route_code` (`route_code`);

--
-- Indexes for table `seat_reservations`
--
ALTER TABLE
  `seat_reservations`
ADD
  PRIMARY KEY (`id`),
ADD
  KEY `id` (`id`, `seat_id`, `booking_id`),
ADD
  KEY `seat_id` (`seat_id`),
ADD
  KEY `booking_id` (`booking_id`),
ADD
  KEY `seat_reservations_ibfk_3` (`trip_id`);

--
-- Indexes for table `staff`
--
ALTER TABLE
  `staff`
ADD
  PRIMARY KEY (`staff_id`),
ADD
  KEY `staff_id` (`staff_id`, `account_id`),
ADD
  KEY `account_id` (`account_id`);

--
-- Indexes for table `trip`
--
ALTER TABLE
  `trip`
ADD
  PRIMARY KEY (`trip_id`),
ADD
  KEY `bus_id` (
    `bus_id`,
    `driver_id`,
    `controller_id`,
    `staff_id`,
    `route_code`
  ),
ADD
  KEY `trip_id` (`trip_id`),
ADD
  KEY `driver_id` (`driver_id`),
ADD
  KEY `controller_id` (`controller_id`),
ADD
  KEY `staff_id` (`staff_id`),
ADD
  KEY `route_id` (`route_code`),
ADD
  KEY `route_code` (`route_code`);

--
-- AUTO_INCREMENT for dumped tables
--
--
-- AUTO_INCREMENT for table `account`
--
ALTER TABLE
  `account`
MODIFY
  `id` int(11) NOT NULL AUTO_INCREMENT,
  AUTO_INCREMENT = 21;

--
-- AUTO_INCREMENT for table `bill`
--
ALTER TABLE
  `bill`
MODIFY
  `bill_id` int(11) NOT NULL AUTO_INCREMENT;

--
-- AUTO_INCREMENT for table `bill_detail`
--
ALTER TABLE
  `bill_detail`
MODIFY
  `id` int(11) NOT NULL AUTO_INCREMENT;

--
-- AUTO_INCREMENT for table `booking`
--
ALTER TABLE
  `booking`
MODIFY
  `booking_id` int(11) NOT NULL AUTO_INCREMENT,
  AUTO_INCREMENT = 8990;

--
-- AUTO_INCREMENT for table `bus_seats`
--
ALTER TABLE
  `bus_seats`
MODIFY
  `id` int(11) NOT NULL AUTO_INCREMENT,
  AUTO_INCREMENT = 2845;

--
-- AUTO_INCREMENT for table `controller`
--
ALTER TABLE
  `controller`
MODIFY
  `controller_id` int(11) NOT NULL AUTO_INCREMENT,
  AUTO_INCREMENT = 4;

--
-- AUTO_INCREMENT for table `customer`
--
ALTER TABLE
  `customer`
MODIFY
  `customer_id` int(11) NOT NULL AUTO_INCREMENT,
  AUTO_INCREMENT = 21;

--
-- AUTO_INCREMENT for table `driver`
--
ALTER TABLE
  `driver`
MODIFY
  `driver_id` int(11) NOT NULL AUTO_INCREMENT,
  AUTO_INCREMENT = 5;

--
-- AUTO_INCREMENT for table `feedback`
--
ALTER TABLE
  `feedback`
MODIFY
  `feedback_id` int(11) NOT NULL AUTO_INCREMENT;

--
-- AUTO_INCREMENT for table `notification`
--
ALTER TABLE
  `notification`
MODIFY
  `notification_id` int(11) NOT NULL AUTO_INCREMENT;

--
-- AUTO_INCREMENT for table `permission`
--
ALTER TABLE
  `permission`
MODIFY
  `permission_id` int(11) NOT NULL AUTO_INCREMENT,
  AUTO_INCREMENT = 8;

--
-- AUTO_INCREMENT for table `role`
--
ALTER TABLE
  `role`
MODIFY
  `role_id` int(11) NOT NULL AUTO_INCREMENT,
  AUTO_INCREMENT = 6;

--
-- AUTO_INCREMENT for table `role_permission`
--
ALTER TABLE
  `role_permission`
MODIFY
  `id` int(11) NOT NULL AUTO_INCREMENT,
  AUTO_INCREMENT = 24;

--
-- AUTO_INCREMENT for table `route`
--
ALTER TABLE
  `route`
MODIFY
  `route_id` int(11) NOT NULL AUTO_INCREMENT,
  AUTO_INCREMENT = 41;

--
-- AUTO_INCREMENT for table `route_checkpoint`
--
ALTER TABLE
  `route_checkpoint`
MODIFY
  `id` int(11) NOT NULL AUTO_INCREMENT,
  AUTO_INCREMENT = 92;

--
-- AUTO_INCREMENT for table `seat_reservations`
--
ALTER TABLE
  `seat_reservations`
MODIFY
  `id` int(11) NOT NULL AUTO_INCREMENT,
  AUTO_INCREMENT = 73;

--
-- AUTO_INCREMENT for table `staff`
--
ALTER TABLE
  `staff`
MODIFY
  `staff_id` int(11) NOT NULL AUTO_INCREMENT,
  AUTO_INCREMENT = 6;

--
-- AUTO_INCREMENT for table `trip`
--
ALTER TABLE
  `trip`
MODIFY
  `trip_id` int(11) NOT NULL AUTO_INCREMENT,
  AUTO_INCREMENT = 244;

--
-- Constraints for dumped tables
--
--
-- Constraints for table `account`
--
ALTER TABLE
  `account`
ADD
  CONSTRAINT `account_ibfk_1` FOREIGN KEY (`role_id`) REFERENCES `role` (`role_id`);

--
-- Constraints for table `account_notification`
--
ALTER TABLE
  `account_notification`
ADD
  CONSTRAINT `account_notification_ibfk_1` FOREIGN KEY (`account_id`) REFERENCES `account` (`id`) ON DELETE CASCADE ON UPDATE CASCADE,
ADD
  CONSTRAINT `account_notification_ibfk_2` FOREIGN KEY (`notification_id`) REFERENCES `notification` (`notification_id`) ON DELETE CASCADE ON UPDATE CASCADE;

--
-- Constraints for table `bill`
--
ALTER TABLE
  `bill`
ADD
  CONSTRAINT `bill_ibfk_1` FOREIGN KEY (`customer_id`) REFERENCES `customer` (`customer_id`);

--
-- Constraints for table `bill_detail`
--
ALTER TABLE
  `bill_detail`
ADD
  CONSTRAINT `bill_detail_ibfk_1` FOREIGN KEY (`trip_id`) REFERENCES `trip` (`trip_id`),
ADD
  CONSTRAINT `bill_detail_ibfk_2` FOREIGN KEY (`bill_id`) REFERENCES `bill` (`bill_id`);

--
-- Constraints for table `booking`
--
ALTER TABLE
  `booking`
ADD
  CONSTRAINT `booking_ibfk_1` FOREIGN KEY (`customer_id`) REFERENCES `customer` (`customer_id`) ON DELETE CASCADE ON UPDATE CASCADE,
ADD
  CONSTRAINT `booking_ibfk_2` FOREIGN KEY (`trip_id`) REFERENCES `trip` (`trip_id`) ON DELETE CASCADE ON UPDATE CASCADE;

--
-- Constraints for table `bus_seats`
--
ALTER TABLE
  `bus_seats`
ADD
  CONSTRAINT `bus_seats_ibfk_1` FOREIGN KEY (`bus_id`) REFERENCES `bus` (`bus_id`);

--
-- Constraints for table `controller`
--
ALTER TABLE
  `controller`
ADD
  CONSTRAINT `controller_ibfk_1` FOREIGN KEY (`account_id`) REFERENCES `account` (`id`) ON DELETE CASCADE ON UPDATE CASCADE;

--
-- Constraints for table `driver`
--
ALTER TABLE
  `driver`
ADD
  CONSTRAINT `driver_ibfk_1` FOREIGN KEY (`account_id`) REFERENCES `account` (`id`) ON DELETE CASCADE ON UPDATE CASCADE;

--
-- Constraints for table `feedback`
--
ALTER TABLE
  `feedback`
ADD
  CONSTRAINT `feedback_ibfk_1` FOREIGN KEY (`account_id`) REFERENCES `account` (`id`) ON DELETE CASCADE ON UPDATE CASCADE,
ADD
  CONSTRAINT `feedback_ibfk_2` FOREIGN KEY (`trip_id`) REFERENCES `trip` (`trip_id`);

--
-- Constraints for table `role_notification`
--
ALTER TABLE
  `role_notification`
ADD
  CONSTRAINT `role_notification_ibfk_1` FOREIGN KEY (`role_id`) REFERENCES `role` (`role_id`) ON DELETE CASCADE ON UPDATE CASCADE,
ADD
  CONSTRAINT `role_notification_ibfk_2` FOREIGN KEY (`notification_id`) REFERENCES `notification` (`notification_id`) ON DELETE CASCADE ON UPDATE CASCADE;

--
-- Constraints for table `role_permission`
--
ALTER TABLE
  `role_permission`
ADD
  CONSTRAINT `role_permission_ibfk_1` FOREIGN KEY (`role_id`) REFERENCES `role` (`role_id`) ON DELETE CASCADE ON UPDATE CASCADE,
ADD
  CONSTRAINT `role_permission_ibfk_2` FOREIGN KEY (`permission_id`) REFERENCES `permission` (`permission_id`) ON DELETE CASCADE ON UPDATE CASCADE;

--
-- Constraints for table `route_checkpoint`
--
ALTER TABLE
  `route_checkpoint`
ADD
  CONSTRAINT `route_checkpoint_ibfk_1` FOREIGN KEY (`checkpoint_id`) REFERENCES `checkpoint` (`checkpoint_id`),
ADD
  CONSTRAINT `route_checkpoint_ibfk_2` FOREIGN KEY (`route_code`) REFERENCES `route` (`code`);

--
-- Constraints for table `seat_reservations`
--
ALTER TABLE
  `seat_reservations`
ADD
  CONSTRAINT `seat_reservations_ibfk_1` FOREIGN KEY (`seat_id`) REFERENCES `bus_seats` (`id`),
ADD
  CONSTRAINT `seat_reservations_ibfk_2` FOREIGN KEY (`booking_id`) REFERENCES `booking` (`booking_id`),
ADD
  CONSTRAINT `seat_reservations_ibfk_3` FOREIGN KEY (`trip_id`) REFERENCES `trip` (`trip_id`);

--
-- Constraints for table `staff`
--
ALTER TABLE
  `staff`
ADD
  CONSTRAINT `staff_ibfk_1` FOREIGN KEY (`account_id`) REFERENCES `account` (`id`) ON DELETE CASCADE ON UPDATE CASCADE;

--
-- Constraints for table `trip`
--
ALTER TABLE
  `trip`
ADD
  CONSTRAINT `trip_ibfk_1` FOREIGN KEY (`bus_id`) REFERENCES `bus` (`bus_id`),
ADD
  CONSTRAINT `trip_ibfk_2` FOREIGN KEY (`driver_id`) REFERENCES `driver` (`driver_id`),
ADD
  CONSTRAINT `trip_ibfk_3` FOREIGN KEY (`controller_id`) REFERENCES `controller` (`controller_id`),
ADD
  CONSTRAINT `trip_ibfk_4` FOREIGN KEY (`staff_id`) REFERENCES `staff` (`staff_id`),
ADD
  CONSTRAINT `trip_ibfk_5` FOREIGN KEY (`route_code`) REFERENCES `route` (`code`);

COMMIT;

/*!40101 SET CHARACTER_SET_CLIENT=@OLD_CHARACTER_SET_CLIENT */
;

/*!40101 SET CHARACTER_SET_RESULTS=@OLD_CHARACTER_SET_RESULTS */
;

/*!40101 SET COLLATION_CONNECTION=@OLD_COLLATION_CONNECTION */
;